"","X","taxa","Sample_ID","count","Level","Strain","Genotype","Age","AGE"
"1",1,"Nocardioidaceae","X20_AKF_8733_2",0,"Family","AJ","KO",20,"20 Weeks"
"2",2,"Nocardioidaceae","X20_AKF_8738_1",0,"Family","AJ","KO",20,"20 Weeks"
"3",3,"Nocardioidaceae","X20_AKF_8738_2",0,"Family","AJ","KO",20,"20 Weeks"
"4",4,"Nocardioidaceae","X20_AKF_8802_1",0,"Family","AJ","KO",20,"20 Weeks"
"5",5,"Nocardioidaceae","X20_AKF_8802_2",0,"Family","AJ","KO",20,"20 Weeks"
"6",6,"Nocardioidaceae","X20_AKM_8768_1",0,"Family","AJ","KO",20,"20 Weeks"
"7",7,"Nocardioidaceae","X20_AKM_8768_2",0,"Family","AJ","KO",20,"20 Weeks"
"8",8,"Nocardioidaceae","X20_AKM_8769_1",0,"Family","AJ","KO",20,"20 Weeks"
"9",9,"Nocardioidaceae","X20_AKM_8769_2",0,"Family","AJ","KO",20,"20 Weeks"
"10",10,"Nocardioidaceae","X20_AKM_8771_1",0,"Family","AJ","KO",20,"20 Weeks"
"11",11,"Nocardioidaceae","X20_AKM_8771_2",0,"Family","AJ","KO",20,"20 Weeks"
"12",12,"Nocardioidaceae","X20_AWF_8736_1",0,"Family","AJ","WT",20,"20 Weeks"
"13",13,"Nocardioidaceae","X20_AWF_8736_2",0.333333333,"Family","AJ","WT",20,"20 Weeks"
"14",14,"Nocardioidaceae","X20_AWF_8797_1",0,"Family","AJ","WT",20,"20 Weeks"
"15",15,"Nocardioidaceae","X20_AWF_8797_2",0,"Family","AJ","WT",20,"20 Weeks"
"16",16,"Nocardioidaceae","X20_AWF_9005_1",0,"Family","AJ","WT",20,"20 Weeks"
"17",17,"Nocardioidaceae","X20_AWF_9005_2",0,"Family","AJ","WT",20,"20 Weeks"
"18",18,"Nocardioidaceae","X20_AWM_8728_1",0,"Family","AJ","WT",20,"20 Weeks"
"19",19,"Nocardioidaceae","X20_AWM_8728_2",0,"Family","AJ","WT",20,"20 Weeks"
"20",20,"Nocardioidaceae","X20_AWM_8730_1",0,"Family","AJ","WT",20,"20 Weeks"
"21",21,"Nocardioidaceae","X20_AWM_8730_2",0,"Family","AJ","WT",20,"20 Weeks"
"22",22,"Nocardioidaceae","X20_AWM_8766_1",0,"Family","AJ","WT",20,"20 Weeks"
"23",23,"Nocardioidaceae","X20_AWM_8766_2",0,"Family","AJ","WT",20,"20 Weeks"
"24",24,"Nocardioidaceae","X20_BKF_8726_1",0,"Family","B6","KO",20,"20 Weeks"
"25",25,"Nocardioidaceae","X20_BKF_8726_2",0,"Family","B6","KO",20,"20 Weeks"
"26",26,"Nocardioidaceae","X20_BKF_8926_1",0,"Family","B6","KO",20,"20 Weeks"
"27",27,"Nocardioidaceae","X20_BKF_8926_2",0.333333333,"Family","B6","KO",20,"20 Weeks"
"28",28,"Nocardioidaceae","X20_BKF_8927_1",0,"Family","B6","KO",20,"20 Weeks"
"29",29,"Nocardioidaceae","X20_BKF_8927_2",0,"Family","B6","KO",20,"20 Weeks"
"30",30,"Nocardioidaceae","X20_BKM_8719_1",0,"Family","B6","KO",20,"20 Weeks"
"31",31,"Nocardioidaceae","X20_BKM_8719_2",0,"Family","B6","KO",20,"20 Weeks"
"32",32,"Nocardioidaceae","X20_BKM_8859_1",0,"Family","B6","KO",20,"20 Weeks"
"33",33,"Nocardioidaceae","X20_BKM_8859_2",0,"Family","B6","KO",20,"20 Weeks"
"34",34,"Nocardioidaceae","X20_BKM_8860_1",0,"Family","B6","KO",20,"20 Weeks"
"35",35,"Nocardioidaceae","X20_BKM_8860_2",0,"Family","B6","KO",20,"20 Weeks"
"36",36,"Nocardioidaceae","X20_BWF_8754_1",0,"Family","B6","WT",20,"20 Weeks"
"37",37,"Nocardioidaceae","X20_BWF_8754_2",0,"Family","B6","WT",20,"20 Weeks"
"38",38,"Nocardioidaceae","X20_BWF_8755_1",0,"Family","B6","WT",20,"20 Weeks"
"39",39,"Nocardioidaceae","X20_BWF_8755_2",0,"Family","B6","WT",20,"20 Weeks"
"40",40,"Nocardioidaceae","X20_BWF_8852_1",0,"Family","B6","WT",20,"20 Weeks"
"41",41,"Nocardioidaceae","X20_BWF_8852_2",0,"Family","B6","WT",20,"20 Weeks"
"42",42,"Nocardioidaceae","X20_BWM_8745_1",0,"Family","B6","WT",20,"20 Weeks"
"43",43,"Nocardioidaceae","X20_BWM_8745_2",0,"Family","B6","WT",20,"20 Weeks"
"44",44,"Nocardioidaceae","X20_BWM_8747_1",0,"Family","B6","WT",20,"20 Weeks"
"45",45,"Nocardioidaceae","X20_BWM_8747_2",0,"Family","B6","WT",20,"20 Weeks"
"46",46,"Nocardioidaceae","X20_BWM_8847_1",0,"Family","B6","WT",20,"20 Weeks"
"47",47,"Nocardioidaceae","X20_BWM_8847_2",0,"Family","B6","WT",20,"20 Weeks"
"48",48,"Nocardioidaceae","X8_AKF_8733_1",0,"Family","AJ","KO",8,"8 Weeks"
"49",49,"Nocardioidaceae","X8_AKF_8733_2",0,"Family","AJ","KO",8,"8 Weeks"
"50",50,"Nocardioidaceae","X8_AKF_8738_1",0,"Family","AJ","KO",8,"8 Weeks"
"51",51,"Nocardioidaceae","X8_AKF_8738_2",0,"Family","AJ","KO",8,"8 Weeks"
"52",52,"Nocardioidaceae","X8_AKF_8802_1",0,"Family","AJ","KO",8,"8 Weeks"
"53",53,"Nocardioidaceae","X8_AKM_8768_1",0,"Family","AJ","KO",8,"8 Weeks"
"54",54,"Nocardioidaceae","X8_AKM_8768_2",0,"Family","AJ","KO",8,"8 Weeks"
"55",55,"Nocardioidaceae","X8_AKM_8769_1",0,"Family","AJ","KO",8,"8 Weeks"
"56",56,"Nocardioidaceae","X8_AKM_8769_2",0.333333333,"Family","AJ","KO",8,"8 Weeks"
"57",57,"Nocardioidaceae","X8_AKM_8771_1",0,"Family","AJ","KO",8,"8 Weeks"
"58",58,"Nocardioidaceae","X8_AKM_8771_2",0,"Family","AJ","KO",8,"8 Weeks"
"59",59,"Nocardioidaceae","X8_AWF_8736_1",0,"Family","AJ","WT",8,"8 Weeks"
"60",60,"Nocardioidaceae","X8_AWF_8736_2",0,"Family","AJ","WT",8,"8 Weeks"
"61",61,"Nocardioidaceae","X8_AWF_8797_1",0,"Family","AJ","WT",8,"8 Weeks"
"62",62,"Nocardioidaceae","X8_AWF_9005_1",0,"Family","AJ","WT",8,"8 Weeks"
"63",63,"Nocardioidaceae","X8_AWF_9005_2",0,"Family","AJ","WT",8,"8 Weeks"
"64",64,"Nocardioidaceae","X8_AWM_8728_1",0,"Family","AJ","WT",8,"8 Weeks"
"65",65,"Nocardioidaceae","X8_AWM_8728_2",0,"Family","AJ","WT",8,"8 Weeks"
"66",66,"Nocardioidaceae","X8_AWM_8730_1",0,"Family","AJ","WT",8,"8 Weeks"
"67",67,"Nocardioidaceae","X8_AWM_8730_2",0,"Family","AJ","WT",8,"8 Weeks"
"68",68,"Nocardioidaceae","X8_AWM_8766_1",0,"Family","AJ","WT",8,"8 Weeks"
"69",69,"Nocardioidaceae","X8_AWM_8766_2",0,"Family","AJ","WT",8,"8 Weeks"
"70",70,"Nocardioidaceae","X8_BKF_8726_1",0,"Family","B6","KO",8,"8 Weeks"
"71",71,"Nocardioidaceae","X8_BKF_8726_2",0,"Family","B6","KO",8,"8 Weeks"
"72",72,"Nocardioidaceae","X8_BKF_8926_1",0,"Family","B6","KO",8,"8 Weeks"
"73",73,"Nocardioidaceae","X8_BKF_8926_2",0,"Family","B6","KO",8,"8 Weeks"
"74",74,"Nocardioidaceae","X8_BKF_8927_1",0,"Family","B6","KO",8,"8 Weeks"
"75",75,"Nocardioidaceae","X8_BKM_8719_1",0,"Family","B6","KO",8,"8 Weeks"
"76",76,"Nocardioidaceae","X8_BKM_8719_2",0,"Family","B6","KO",8,"8 Weeks"
"77",77,"Nocardioidaceae","X8_BKM_8859_1",0,"Family","B6","KO",8,"8 Weeks"
"78",78,"Nocardioidaceae","X8_BKM_8859_2",0,"Family","B6","KO",8,"8 Weeks"
"79",79,"Nocardioidaceae","X8_BKM_8860_1",0,"Family","B6","KO",8,"8 Weeks"
"80",80,"Nocardioidaceae","X8_BKM_8860_2",0,"Family","B6","KO",8,"8 Weeks"
"81",81,"Nocardioidaceae","X8_BWF_8754_1",0,"Family","B6","WT",8,"8 Weeks"
"82",82,"Nocardioidaceae","X8_BWF_8754_2",0,"Family","B6","WT",8,"8 Weeks"
"83",83,"Nocardioidaceae","X8_BWF_8755_1",0,"Family","B6","WT",8,"8 Weeks"
"84",84,"Nocardioidaceae","X8_BWF_8852_1",0,"Family","B6","WT",8,"8 Weeks"
"85",85,"Nocardioidaceae","X8_BWF_8852_2",0,"Family","B6","WT",8,"8 Weeks"
"86",86,"Nocardioidaceae","X8_BWM_8745_1",0,"Family","B6","WT",8,"8 Weeks"
"87",87,"Nocardioidaceae","X8_BWM_8745_2",0,"Family","B6","WT",8,"8 Weeks"
"88",88,"Nocardioidaceae","X8_BWM_8747_1",0,"Family","B6","WT",8,"8 Weeks"
"89",89,"Nocardioidaceae","X8_BWM_8747_2",0,"Family","B6","WT",8,"8 Weeks"
"90",90,"Nocardioidaceae","X8_BWM_8847_1",0,"Family","B6","WT",8,"8 Weeks"
"91",91,"Nocardioidaceae","X8_BWM_8847_2",0,"Family","B6","WT",8,"8 Weeks"
"92",92,"Bacteroidaceae","X20_AKF_8733_2",0.031153194,"Family","AJ","KO",20,"20 Weeks"
"93",93,"Bacteroidaceae","X20_AKF_8738_1",0.021012333,"Family","AJ","KO",20,"20 Weeks"
"94",94,"Bacteroidaceae","X20_AKF_8738_2",0.016102636,"Family","AJ","KO",20,"20 Weeks"
"95",95,"Bacteroidaceae","X20_AKF_8802_1",0.025746683,"Family","AJ","KO",20,"20 Weeks"
"96",96,"Bacteroidaceae","X20_AKF_8802_2",0.019025075,"Family","AJ","KO",20,"20 Weeks"
"97",97,"Bacteroidaceae","X20_AKM_8768_1",0.023788649,"Family","AJ","KO",20,"20 Weeks"
"98",98,"Bacteroidaceae","X20_AKM_8768_2",0.021772167,"Family","AJ","KO",20,"20 Weeks"
"99",99,"Bacteroidaceae","X20_AKM_8769_1",0.034163306,"Family","AJ","KO",20,"20 Weeks"
"100",100,"Bacteroidaceae","X20_AKM_8769_2",0.05131802,"Family","AJ","KO",20,"20 Weeks"
"101",101,"Bacteroidaceae","X20_AKM_8771_1",0.038517739,"Family","AJ","KO",20,"20 Weeks"
"102",102,"Bacteroidaceae","X20_AKM_8771_2",0.043368987,"Family","AJ","KO",20,"20 Weeks"
"103",103,"Bacteroidaceae","X20_AWF_8736_1",0.011835876,"Family","AJ","WT",20,"20 Weeks"
"104",104,"Bacteroidaceae","X20_AWF_8736_2",0.013121749,"Family","AJ","WT",20,"20 Weeks"
"105",105,"Bacteroidaceae","X20_AWF_8797_1",0.013121749,"Family","AJ","WT",20,"20 Weeks"
"106",106,"Bacteroidaceae","X20_AWF_8797_2",0.008212052,"Family","AJ","WT",20,"20 Weeks"
"107",107,"Bacteroidaceae","X20_AWF_9005_1",0.013121749,"Family","AJ","WT",20,"20 Weeks"
"108",108,"Bacteroidaceae","X20_AWF_9005_2",0.016745573,"Family","AJ","WT",20,"20 Weeks"
"109",109,"Bacteroidaceae","X20_AWM_8728_1",0.009497925,"Family","AJ","WT",20,"20 Weeks"
"110",110,"Bacteroidaceae","X20_AWM_8728_2",0.013823134,"Family","AJ","WT",20,"20 Weeks"
"111",111,"Bacteroidaceae","X20_AWM_8730_1",0.010491554,"Family","AJ","WT",20,"20 Weeks"
"112",112,"Bacteroidaceae","X20_AWM_8730_2",0.011309837,"Family","AJ","WT",20,"20 Weeks"
"113",113,"Bacteroidaceae","X20_AWM_8766_1",0.007276872,"Family","AJ","WT",20,"20 Weeks"
"114",114,"Bacteroidaceae","X20_AWM_8766_2",0.007481443,"Family","AJ","WT",20,"20 Weeks"
"115",115,"Bacteroidaceae","X20_BKF_8726_1",0.004032965,"Family","B6","KO",20,"20 Weeks"
"116",116,"Bacteroidaceae","X20_BKF_8726_2",0.002367175,"Family","B6","KO",20,"20 Weeks"
"117",117,"Bacteroidaceae","X20_BKF_8926_1",0.004705126,"Family","B6","KO",20,"20 Weeks"
"118",118,"Bacteroidaceae","X20_BKF_8926_2",0.007481443,"Family","B6","KO",20,"20 Weeks"
"119",119,"Bacteroidaceae","X20_BKF_8927_1",0.005757204,"Family","B6","KO",20,"20 Weeks"
"120",120,"Bacteroidaceae","X20_BKF_8927_2",0.005055819,"Family","B6","KO",20,"20 Weeks"
"121",121,"Bacteroidaceae","X20_BKM_8719_1",0.003857619,"Family","B6","KO",20,"20 Weeks"
"122",122,"Bacteroidaceae","X20_BKM_8719_2",0.00473435,"Family","B6","KO",20,"20 Weeks"
"123",123,"Bacteroidaceae","X20_BKM_8859_1",0.006955404,"Family","B6","KO",20,"20 Weeks"
"124",124,"Bacteroidaceae","X20_BKM_8859_2",0.008854989,"Family","B6","KO",20,"20 Weeks"
"125",125,"Bacteroidaceae","X20_BKM_8860_1",0.007364545,"Family","B6","KO",20,"20 Weeks"
"126",126,"Bacteroidaceae","X20_BKM_8860_2",0.003623824,"Family","B6","KO",20,"20 Weeks"
"127",127,"Bacteroidaceae","X20_BWF_8754_1",0.001548892,"Family","B6","WT",20,"20 Weeks"
"128",128,"Bacteroidaceae","X20_BWF_8754_2",0.004032965,"Family","B6","WT",20,"20 Weeks"
"129",129,"Bacteroidaceae","X20_BWF_8755_1",0.003506926,"Family","B6","WT",20,"20 Weeks"
"130",130,"Bacteroidaceae","X20_BWF_8755_2",0.004559004,"Family","B6","WT",20,"20 Weeks"
"131",131,"Bacteroidaceae","X20_BWF_8852_1",0.002367175,"Family","B6","WT",20,"20 Weeks"
"132",132,"Bacteroidaceae","X20_BWF_8852_2",0.001899585,"Family","B6","WT",20,"20 Weeks"
"133",133,"Bacteroidaceae","X20_BWM_8745_1",0.003916068,"Family","B6","WT",20,"20 Weeks"
"134",134,"Bacteroidaceae","X20_BWM_8745_2",0.005727979,"Family","B6","WT",20,"20 Weeks"
"135",135,"Bacteroidaceae","X20_BWM_8747_1",0.005318838,"Family","B6","WT",20,"20 Weeks"
"136",136,"Bacteroidaceae","X20_BWM_8747_2",0.005435736,"Family","B6","WT",20,"20 Weeks"
"137",137,"Bacteroidaceae","X20_BWM_8847_1",0.003740721,"Family","B6","WT",20,"20 Weeks"
"138",138,"Bacteroidaceae","X20_BWM_8847_2",0.003711497,"Family","B6","WT",20,"20 Weeks"
"139",139,"Bacteroidaceae","X8_AKF_8733_1",0.004617453,"Family","AJ","KO",8,"8 Weeks"
"140",140,"Bacteroidaceae","X8_AKF_8733_2",0.004412882,"Family","AJ","KO",8,"8 Weeks"
"141",141,"Bacteroidaceae","X8_AKF_8738_1",0.009556374,"Family","AJ","KO",8,"8 Weeks"
"142",142,"Bacteroidaceae","X8_AKF_8738_2",0.014027705,"Family","AJ","KO",8,"8 Weeks"
"143",143,"Bacteroidaceae","X8_AKF_8802_1",0.02185984,"Family","AJ","KO",8,"8 Weeks"
"144",144,"Bacteroidaceae","X8_AKM_8768_1",0.041527851,"Family","AJ","KO",8,"8 Weeks"
"145",145,"Bacteroidaceae","X8_AKM_8768_2",0.052866912,"Family","AJ","KO",8,"8 Weeks"
"146",146,"Bacteroidaceae","X8_AKM_8769_1",0.013618563,"Family","AJ","KO",8,"8 Weeks"
"147",147,"Bacteroidaceae","X8_AKM_8769_2",0.008095155,"Family","AJ","KO",8,"8 Weeks"
"148",148,"Bacteroidaceae","X8_AKM_8771_1",0.019609562,"Family","AJ","KO",8,"8 Weeks"
"149",149,"Bacteroidaceae","X8_AKM_8771_2",0.01212812,"Family","AJ","KO",8,"8 Weeks"
"150",150,"Bacteroidaceae","X8_AWF_8736_1",0.00286399,"Family","AJ","WT",8,"8 Weeks"
"151",151,"Bacteroidaceae","X8_AWF_8736_2",0.004179087,"Family","AJ","WT",8,"8 Weeks"
"152",152,"Bacteroidaceae","X8_AWF_8797_1",0.010783798,"Family","AJ","WT",8,"8 Weeks"
"153",153,"Bacteroidaceae","X8_AWF_9005_1",0.007569116,"Family","AJ","WT",8,"8 Weeks"
"154",154,"Bacteroidaceae","X8_AWF_9005_2",0.005494184,"Family","AJ","WT",8,"8 Weeks"
"155",155,"Bacteroidaceae","X8_AWM_8728_1",0.006429365,"Family","AJ","WT",8,"8 Weeks"
"156",156,"Bacteroidaceae","X8_AWM_8728_2",0.007013852,"Family","AJ","WT",8,"8 Weeks"
"157",157,"Bacteroidaceae","X8_AWM_8730_1",0.013034076,"Family","AJ","WT",8,"8 Weeks"
"158",158,"Bacteroidaceae","X8_AWM_8730_2",0.012858729,"Family","AJ","WT",8,"8 Weeks"
"159",159,"Bacteroidaceae","X8_AWM_8766_1",0.005377287,"Family","AJ","WT",8,"8 Weeks"
"160",160,"Bacteroidaceae","X8_AWM_8766_2",0.00593255,"Family","AJ","WT",8,"8 Weeks"
"161",161,"Bacteroidaceae","X8_BKF_8726_1",0.007627564,"Family","B6","KO",8,"8 Weeks"
"162",162,"Bacteroidaceae","X8_BKF_8726_2",0.008942662,"Family","B6","KO",8,"8 Weeks"
"163",163,"Bacteroidaceae","X8_BKF_8926_1",0.004675902,"Family","B6","KO",8,"8 Weeks"
"164",164,"Bacteroidaceae","X8_BKF_8926_2",0.006224794,"Family","B6","KO",8,"8 Weeks"
"165",165,"Bacteroidaceae","X8_BKF_8927_1",0.003010112,"Family","B6","KO",8,"8 Weeks"
"166",166,"Bacteroidaceae","X8_BKM_8719_1",0.008299725,"Family","B6","KO",8,"8 Weeks"
"167",167,"Bacteroidaceae","X8_BKM_8719_2",0.010316208,"Family","B6","KO",8,"8 Weeks"
"168",168,"Bacteroidaceae","X8_BKM_8859_1",0.00520194,"Family","B6","KO",8,"8 Weeks"
"169",169,"Bacteroidaceae","X8_BKM_8859_2",0.000146122,"Family","B6","KO",8,"8 Weeks"
"170",170,"Bacteroidaceae","X8_BKM_8860_1",0.003506926,"Family","B6","KO",8,"8 Weeks"
"171",171,"Bacteroidaceae","X8_BKM_8860_2",0.006633935,"Family","B6","KO",8,"8 Weeks"
"172",172,"Bacteroidaceae","X8_BWF_8754_1",0.002191829,"Family","B6","WT",8,"8 Weeks"
"173",173,"Bacteroidaceae","X8_BWF_8754_2",0.001724239,"Family","B6","WT",8,"8 Weeks"
"174",174,"Bacteroidaceae","X8_BWF_8755_1",0.007013852,"Family","B6","WT",8,"8 Weeks"
"175",175,"Bacteroidaceae","X8_BWF_8852_1",0.002074931,"Family","B6","WT",8,"8 Weeks"
"176",176,"Bacteroidaceae","X8_BWF_8852_2",0.002834765,"Family","B6","WT",8,"8 Weeks"
"177",177,"Bacteroidaceae","X8_BWM_8745_1",0.002717868,"Family","B6","WT",8,"8 Weeks"
"178",178,"Bacteroidaceae","X8_BWM_8745_2",0.00213338,"Family","B6","WT",8,"8 Weeks"
"179",179,"Bacteroidaceae","X8_BWM_8747_1",0.006721609,"Family","B6","WT",8,"8 Weeks"
"180",180,"Bacteroidaceae","X8_BWM_8747_2",0.011192939,"Family","B6","WT",8,"8 Weeks"
"181",181,"Bacteroidaceae","X8_BWM_8847_1",0.01972646,"Family","B6","WT",8,"8 Weeks"
"182",182,"Bacteroidaceae","X8_BWM_8847_2",0.02066164,"Family","B6","WT",8,"8 Weeks"
"183",183,"Deferribacteraceae","X20_AKF_8733_2",0.002701375,"Family","AJ","KO",20,"20 Weeks"
"184",184,"Deferribacteraceae","X20_AKF_8738_1",0.001227898,"Family","AJ","KO",20,"20 Weeks"
"185",185,"Deferribacteraceae","X20_AKF_8738_2",0,"Family","AJ","KO",20,"20 Weeks"
"186",186,"Deferribacteraceae","X20_AKF_8802_1",0.008349705,"Family","AJ","KO",20,"20 Weeks"
"187",187,"Deferribacteraceae","X20_AKF_8802_2",0.014734774,"Family","AJ","KO",20,"20 Weeks"
"188",188,"Deferribacteraceae","X20_AKM_8768_1",0.00024558,"Family","AJ","KO",20,"20 Weeks"
"189",189,"Deferribacteraceae","X20_AKM_8768_2",0.00024558,"Family","AJ","KO",20,"20 Weeks"
"190",190,"Deferribacteraceae","X20_AKM_8769_1",0,"Family","AJ","KO",20,"20 Weeks"
"191",191,"Deferribacteraceae","X20_AKM_8769_2",0,"Family","AJ","KO",20,"20 Weeks"
"192",192,"Deferribacteraceae","X20_AKM_8771_1",0,"Family","AJ","KO",20,"20 Weeks"
"193",193,"Deferribacteraceae","X20_AKM_8771_2",0,"Family","AJ","KO",20,"20 Weeks"
"194",194,"Deferribacteraceae","X20_AWF_8736_1",0.002455796,"Family","AJ","WT",20,"20 Weeks"
"195",195,"Deferribacteraceae","X20_AWF_8736_2",0,"Family","AJ","WT",20,"20 Weeks"
"196",196,"Deferribacteraceae","X20_AWF_8797_1",0.006876228,"Family","AJ","WT",20,"20 Weeks"
"197",197,"Deferribacteraceae","X20_AWF_8797_2",0.035117878,"Family","AJ","WT",20,"20 Weeks"
"198",198,"Deferribacteraceae","X20_AWF_9005_1",0.014489194,"Family","AJ","WT",20,"20 Weeks"
"199",199,"Deferribacteraceae","X20_AWF_9005_2",0.002210216,"Family","AJ","WT",20,"20 Weeks"
"200",200,"Deferribacteraceae","X20_AWM_8728_1",0.000491159,"Family","AJ","WT",20,"20 Weeks"
"201",201,"Deferribacteraceae","X20_AWM_8728_2",0.00024558,"Family","AJ","WT",20,"20 Weeks"
"202",202,"Deferribacteraceae","X20_AWM_8730_1",0,"Family","AJ","WT",20,"20 Weeks"
"203",203,"Deferribacteraceae","X20_AWM_8730_2",0.00024558,"Family","AJ","WT",20,"20 Weeks"
"204",204,"Deferribacteraceae","X20_AWM_8766_1",0,"Family","AJ","WT",20,"20 Weeks"
"205",205,"Deferribacteraceae","X20_AWM_8766_2",0.00024558,"Family","AJ","WT",20,"20 Weeks"
"206",206,"Deferribacteraceae","X20_BKF_8726_1",0.010068762,"Family","B6","KO",20,"20 Weeks"
"207",207,"Deferribacteraceae","X20_BKF_8726_2",0.001227898,"Family","B6","KO",20,"20 Weeks"
"208",208,"Deferribacteraceae","X20_BKF_8926_1",0.002946955,"Family","B6","KO",20,"20 Weeks"
"209",209,"Deferribacteraceae","X20_BKF_8926_2",0.013015717,"Family","B6","KO",20,"20 Weeks"
"210",210,"Deferribacteraceae","X20_BKF_8927_1",0.000982318,"Family","B6","KO",20,"20 Weeks"
"211",211,"Deferribacteraceae","X20_BKF_8927_2",0.001227898,"Family","B6","KO",20,"20 Weeks"
"212",212,"Deferribacteraceae","X20_BKM_8719_1",0.002210216,"Family","B6","KO",20,"20 Weeks"
"213",213,"Deferribacteraceae","X20_BKM_8719_2",0.010068762,"Family","B6","KO",20,"20 Weeks"
"214",214,"Deferribacteraceae","X20_BKM_8859_1",0.000982318,"Family","B6","KO",20,"20 Weeks"
"215",215,"Deferribacteraceae","X20_BKM_8859_2",0.001719057,"Family","B6","KO",20,"20 Weeks"
"216",216,"Deferribacteraceae","X20_BKM_8860_1",0.000491159,"Family","B6","KO",20,"20 Weeks"
"217",217,"Deferribacteraceae","X20_BKM_8860_2",0.002210216,"Family","B6","KO",20,"20 Weeks"
"218",218,"Deferribacteraceae","X20_BWF_8754_1",0.002455796,"Family","B6","WT",20,"20 Weeks"
"219",219,"Deferribacteraceae","X20_BWF_8754_2",0.010805501,"Family","B6","WT",20,"20 Weeks"
"220",220,"Deferribacteraceae","X20_BWF_8755_1",0.00024558,"Family","B6","WT",20,"20 Weeks"
"221",221,"Deferribacteraceae","X20_BWF_8755_2",0.000491159,"Family","B6","WT",20,"20 Weeks"
"222",222,"Deferribacteraceae","X20_BWF_8852_1",0.000491159,"Family","B6","WT",20,"20 Weeks"
"223",223,"Deferribacteraceae","X20_BWF_8852_2",0.007858546,"Family","B6","WT",20,"20 Weeks"
"224",224,"Deferribacteraceae","X20_BWM_8745_1",0.00024558,"Family","B6","WT",20,"20 Weeks"
"225",225,"Deferribacteraceae","X20_BWM_8745_2",0.000736739,"Family","B6","WT",20,"20 Weeks"
"226",226,"Deferribacteraceae","X20_BWM_8747_1",0.001227898,"Family","B6","WT",20,"20 Weeks"
"227",227,"Deferribacteraceae","X20_BWM_8747_2",0.00024558,"Family","B6","WT",20,"20 Weeks"
"228",228,"Deferribacteraceae","X20_BWM_8847_1",0.00024558,"Family","B6","WT",20,"20 Weeks"
"229",229,"Deferribacteraceae","X20_BWM_8847_2",0.008104126,"Family","B6","WT",20,"20 Weeks"
"230",230,"Deferribacteraceae","X8_AKF_8733_1",0.007121807,"Family","AJ","KO",8,"8 Weeks"
"231",231,"Deferribacteraceae","X8_AKF_8733_2",0.004174853,"Family","AJ","KO",8,"8 Weeks"
"232",232,"Deferribacteraceae","X8_AKF_8738_1",0.000736739,"Family","AJ","KO",8,"8 Weeks"
"233",233,"Deferribacteraceae","X8_AKF_8738_2",0.000982318,"Family","AJ","KO",8,"8 Weeks"
"234",234,"Deferribacteraceae","X8_AKF_8802_1",0.020137525,"Family","AJ","KO",8,"8 Weeks"
"235",235,"Deferribacteraceae","X8_AKM_8768_1",0.041011788,"Family","AJ","KO",8,"8 Weeks"
"236",236,"Deferribacteraceae","X8_AKM_8768_2",0.075638507,"Family","AJ","KO",8,"8 Weeks"
"237",237,"Deferribacteraceae","X8_AKM_8769_1",0.000736739,"Family","AJ","KO",8,"8 Weeks"
"238",238,"Deferribacteraceae","X8_AKM_8769_2",0.002210216,"Family","AJ","KO",8,"8 Weeks"
"239",239,"Deferribacteraceae","X8_AKM_8771_1",0.036345776,"Family","AJ","KO",8,"8 Weeks"
"240",240,"Deferribacteraceae","X8_AKM_8771_2",0.019891945,"Family","AJ","KO",8,"8 Weeks"
"241",241,"Deferribacteraceae","X8_AWF_8736_1",0.005157171,"Family","AJ","WT",8,"8 Weeks"
"242",242,"Deferribacteraceae","X8_AWF_8736_2",0.001719057,"Family","AJ","WT",8,"8 Weeks"
"243",243,"Deferribacteraceae","X8_AWF_8797_1",0.006385069,"Family","AJ","WT",8,"8 Weeks"
"244",244,"Deferribacteraceae","X8_AWF_9005_1",0.001227898,"Family","AJ","WT",8,"8 Weeks"
"245",245,"Deferribacteraceae","X8_AWF_9005_2",0.000491159,"Family","AJ","WT",8,"8 Weeks"
"246",246,"Deferribacteraceae","X8_AWM_8728_1",0,"Family","AJ","WT",8,"8 Weeks"
"247",247,"Deferribacteraceae","X8_AWM_8728_2",0.000491159,"Family","AJ","WT",8,"8 Weeks"
"248",248,"Deferribacteraceae","X8_AWM_8730_1",0.034626719,"Family","AJ","WT",8,"8 Weeks"
"249",249,"Deferribacteraceae","X8_AWM_8730_2",0.020383104,"Family","AJ","WT",8,"8 Weeks"
"250",250,"Deferribacteraceae","X8_AWM_8766_1",0.001227898,"Family","AJ","WT",8,"8 Weeks"
"251",251,"Deferribacteraceae","X8_AWM_8766_2",0.000982318,"Family","AJ","WT",8,"8 Weeks"
"252",252,"Deferribacteraceae","X8_BKF_8726_1",0.003683694,"Family","B6","KO",8,"8 Weeks"
"253",253,"Deferribacteraceae","X8_BKF_8726_2",0.00564833,"Family","B6","KO",8,"8 Weeks"
"254",254,"Deferribacteraceae","X8_BKF_8926_1",0.000736739,"Family","B6","KO",8,"8 Weeks"
"255",255,"Deferribacteraceae","X8_BKF_8926_2",0.002455796,"Family","B6","KO",8,"8 Weeks"
"256",256,"Deferribacteraceae","X8_BKF_8927_1",0.030206287,"Family","B6","KO",8,"8 Weeks"
"257",257,"Deferribacteraceae","X8_BKM_8719_1",0.003929273,"Family","B6","KO",8,"8 Weeks"
"258",258,"Deferribacteraceae","X8_BKM_8719_2",0.004911591,"Family","B6","KO",8,"8 Weeks"
"259",259,"Deferribacteraceae","X8_BKM_8859_1",0.013998035,"Family","B6","KO",8,"8 Weeks"
"260",260,"Deferribacteraceae","X8_BKM_8859_2",0.00024558,"Family","B6","KO",8,"8 Weeks"
"261",261,"Deferribacteraceae","X8_BKM_8860_1",0.006385069,"Family","B6","KO",8,"8 Weeks"
"262",262,"Deferribacteraceae","X8_BKM_8860_2",0.001473477,"Family","B6","KO",8,"8 Weeks"
"263",263,"Deferribacteraceae","X8_BWF_8754_1",0.001473477,"Family","B6","WT",8,"8 Weeks"
"264",264,"Deferribacteraceae","X8_BWF_8754_2",0.004420432,"Family","B6","WT",8,"8 Weeks"
"265",265,"Deferribacteraceae","X8_BWF_8755_1",0.003683694,"Family","B6","WT",8,"8 Weeks"
"266",266,"Deferribacteraceae","X8_BWF_8852_1",0.002701375,"Family","B6","WT",8,"8 Weeks"
"267",267,"Deferribacteraceae","X8_BWF_8852_2",0.00024558,"Family","B6","WT",8,"8 Weeks"
"268",268,"Deferribacteraceae","X8_BWM_8745_1",0.051817289,"Family","B6","WT",8,"8 Weeks"
"269",269,"Deferribacteraceae","X8_BWM_8745_2",0.05672888,"Family","B6","WT",8,"8 Weeks"
"270",270,"Deferribacteraceae","X8_BWM_8747_1",0.000491159,"Family","B6","WT",8,"8 Weeks"
"271",271,"Deferribacteraceae","X8_BWM_8747_2",0.001473477,"Family","B6","WT",8,"8 Weeks"
"272",272,"Deferribacteraceae","X8_BWM_8847_1",0.215373281,"Family","B6","WT",8,"8 Weeks"
"273",273,"Deferribacteraceae","X8_BWM_8847_2",0.136051081,"Family","B6","WT",8,"8 Weeks"
"274",274,"Clostridiales_Family_XVII._Incertae_Sedis","X20_AKF_8733_2",0,"Family","AJ","KO",20,"20 Weeks"
"275",275,"Clostridiales_Family_XVII._Incertae_Sedis","X20_AKF_8738_1",0,"Family","AJ","KO",20,"20 Weeks"
"276",276,"Clostridiales_Family_XVII._Incertae_Sedis","X20_AKF_8738_2",0,"Family","AJ","KO",20,"20 Weeks"
"277",277,"Clostridiales_Family_XVII._Incertae_Sedis","X20_AKF_8802_1",0,"Family","AJ","KO",20,"20 Weeks"
"278",278,"Clostridiales_Family_XVII._Incertae_Sedis","X20_AKF_8802_2",0,"Family","AJ","KO",20,"20 Weeks"
"279",279,"Clostridiales_Family_XVII._Incertae_Sedis","X20_AKM_8768_1",0,"Family","AJ","KO",20,"20 Weeks"
"280",280,"Clostridiales_Family_XVII._Incertae_Sedis","X20_AKM_8768_2",0,"Family","AJ","KO",20,"20 Weeks"
"281",281,"Clostridiales_Family_XVII._Incertae_Sedis","X20_AKM_8769_1",0,"Family","AJ","KO",20,"20 Weeks"
"282",282,"Clostridiales_Family_XVII._Incertae_Sedis","X20_AKM_8769_2",0,"Family","AJ","KO",20,"20 Weeks"
"283",283,"Clostridiales_Family_XVII._Incertae_Sedis","X20_AKM_8771_1",0,"Family","AJ","KO",20,"20 Weeks"
"284",284,"Clostridiales_Family_XVII._Incertae_Sedis","X20_AKM_8771_2",0,"Family","AJ","KO",20,"20 Weeks"
"285",285,"Clostridiales_Family_XVII._Incertae_Sedis","X20_AWF_8736_1",0,"Family","AJ","WT",20,"20 Weeks"
"286",286,"Clostridiales_Family_XVII._Incertae_Sedis","X20_AWF_8736_2",0,"Family","AJ","WT",20,"20 Weeks"
"287",287,"Clostridiales_Family_XVII._Incertae_Sedis","X20_AWF_8797_1",0,"Family","AJ","WT",20,"20 Weeks"
"288",288,"Clostridiales_Family_XVII._Incertae_Sedis","X20_AWF_8797_2",0,"Family","AJ","WT",20,"20 Weeks"
"289",289,"Clostridiales_Family_XVII._Incertae_Sedis","X20_AWF_9005_1",0,"Family","AJ","WT",20,"20 Weeks"
"290",290,"Clostridiales_Family_XVII._Incertae_Sedis","X20_AWF_9005_2",0,"Family","AJ","WT",20,"20 Weeks"
"291",291,"Clostridiales_Family_XVII._Incertae_Sedis","X20_AWM_8728_1",0.333333333,"Family","AJ","WT",20,"20 Weeks"
"292",292,"Clostridiales_Family_XVII._Incertae_Sedis","X20_AWM_8728_2",0,"Family","AJ","WT",20,"20 Weeks"
"293",293,"Clostridiales_Family_XVII._Incertae_Sedis","X20_AWM_8730_1",0,"Family","AJ","WT",20,"20 Weeks"
"294",294,"Clostridiales_Family_XVII._Incertae_Sedis","X20_AWM_8730_2",0,"Family","AJ","WT",20,"20 Weeks"
"295",295,"Clostridiales_Family_XVII._Incertae_Sedis","X20_AWM_8766_1",0,"Family","AJ","WT",20,"20 Weeks"
"296",296,"Clostridiales_Family_XVII._Incertae_Sedis","X20_AWM_8766_2",0.333333333,"Family","AJ","WT",20,"20 Weeks"
"297",297,"Clostridiales_Family_XVII._Incertae_Sedis","X20_BKF_8726_1",0,"Family","B6","KO",20,"20 Weeks"
"298",298,"Clostridiales_Family_XVII._Incertae_Sedis","X20_BKF_8726_2",0,"Family","B6","KO",20,"20 Weeks"
"299",299,"Clostridiales_Family_XVII._Incertae_Sedis","X20_BKF_8926_1",0,"Family","B6","KO",20,"20 Weeks"
"300",300,"Clostridiales_Family_XVII._Incertae_Sedis","X20_BKF_8926_2",0,"Family","B6","KO",20,"20 Weeks"
"301",301,"Clostridiales_Family_XVII._Incertae_Sedis","X20_BKF_8927_1",0,"Family","B6","KO",20,"20 Weeks"
"302",302,"Clostridiales_Family_XVII._Incertae_Sedis","X20_BKF_8927_2",0,"Family","B6","KO",20,"20 Weeks"
"303",303,"Clostridiales_Family_XVII._Incertae_Sedis","X20_BKM_8719_1",0,"Family","B6","KO",20,"20 Weeks"
"304",304,"Clostridiales_Family_XVII._Incertae_Sedis","X20_BKM_8719_2",0,"Family","B6","KO",20,"20 Weeks"
"305",305,"Clostridiales_Family_XVII._Incertae_Sedis","X20_BKM_8859_1",0,"Family","B6","KO",20,"20 Weeks"
"306",306,"Clostridiales_Family_XVII._Incertae_Sedis","X20_BKM_8859_2",0,"Family","B6","KO",20,"20 Weeks"
"307",307,"Clostridiales_Family_XVII._Incertae_Sedis","X20_BKM_8860_1",0,"Family","B6","KO",20,"20 Weeks"
"308",308,"Clostridiales_Family_XVII._Incertae_Sedis","X20_BKM_8860_2",0,"Family","B6","KO",20,"20 Weeks"
"309",309,"Clostridiales_Family_XVII._Incertae_Sedis","X20_BWF_8754_1",0,"Family","B6","WT",20,"20 Weeks"
"310",310,"Clostridiales_Family_XVII._Incertae_Sedis","X20_BWF_8754_2",0,"Family","B6","WT",20,"20 Weeks"
"311",311,"Clostridiales_Family_XVII._Incertae_Sedis","X20_BWF_8755_1",0,"Family","B6","WT",20,"20 Weeks"
"312",312,"Clostridiales_Family_XVII._Incertae_Sedis","X20_BWF_8755_2",0,"Family","B6","WT",20,"20 Weeks"
"313",313,"Clostridiales_Family_XVII._Incertae_Sedis","X20_BWF_8852_1",0,"Family","B6","WT",20,"20 Weeks"
"314",314,"Clostridiales_Family_XVII._Incertae_Sedis","X20_BWF_8852_2",0,"Family","B6","WT",20,"20 Weeks"
"315",315,"Clostridiales_Family_XVII._Incertae_Sedis","X20_BWM_8745_1",0,"Family","B6","WT",20,"20 Weeks"
"316",316,"Clostridiales_Family_XVII._Incertae_Sedis","X20_BWM_8745_2",0,"Family","B6","WT",20,"20 Weeks"
"317",317,"Clostridiales_Family_XVII._Incertae_Sedis","X20_BWM_8747_1",0,"Family","B6","WT",20,"20 Weeks"
"318",318,"Clostridiales_Family_XVII._Incertae_Sedis","X20_BWM_8747_2",0,"Family","B6","WT",20,"20 Weeks"
"319",319,"Clostridiales_Family_XVII._Incertae_Sedis","X20_BWM_8847_1",0,"Family","B6","WT",20,"20 Weeks"
"320",320,"Clostridiales_Family_XVII._Incertae_Sedis","X20_BWM_8847_2",0,"Family","B6","WT",20,"20 Weeks"
"321",321,"Clostridiales_Family_XVII._Incertae_Sedis","X8_AKF_8733_1",0,"Family","AJ","KO",8,"8 Weeks"
"322",322,"Clostridiales_Family_XVII._Incertae_Sedis","X8_AKF_8733_2",0,"Family","AJ","KO",8,"8 Weeks"
"323",323,"Clostridiales_Family_XVII._Incertae_Sedis","X8_AKF_8738_1",0,"Family","AJ","KO",8,"8 Weeks"
"324",324,"Clostridiales_Family_XVII._Incertae_Sedis","X8_AKF_8738_2",0.333333333,"Family","AJ","KO",8,"8 Weeks"
"325",325,"Clostridiales_Family_XVII._Incertae_Sedis","X8_AKF_8802_1",0,"Family","AJ","KO",8,"8 Weeks"
"326",326,"Clostridiales_Family_XVII._Incertae_Sedis","X8_AKM_8768_1",0,"Family","AJ","KO",8,"8 Weeks"
"327",327,"Clostridiales_Family_XVII._Incertae_Sedis","X8_AKM_8768_2",0,"Family","AJ","KO",8,"8 Weeks"
"328",328,"Clostridiales_Family_XVII._Incertae_Sedis","X8_AKM_8769_1",0,"Family","AJ","KO",8,"8 Weeks"
"329",329,"Clostridiales_Family_XVII._Incertae_Sedis","X8_AKM_8769_2",0,"Family","AJ","KO",8,"8 Weeks"
"330",330,"Clostridiales_Family_XVII._Incertae_Sedis","X8_AKM_8771_1",0,"Family","AJ","KO",8,"8 Weeks"
"331",331,"Clostridiales_Family_XVII._Incertae_Sedis","X8_AKM_8771_2",0,"Family","AJ","KO",8,"8 Weeks"
"332",332,"Clostridiales_Family_XVII._Incertae_Sedis","X8_AWF_8736_1",0,"Family","AJ","WT",8,"8 Weeks"
"333",333,"Clostridiales_Family_XVII._Incertae_Sedis","X8_AWF_8736_2",0,"Family","AJ","WT",8,"8 Weeks"
"334",334,"Clostridiales_Family_XVII._Incertae_Sedis","X8_AWF_8797_1",0,"Family","AJ","WT",8,"8 Weeks"
"335",335,"Clostridiales_Family_XVII._Incertae_Sedis","X8_AWF_9005_1",0,"Family","AJ","WT",8,"8 Weeks"
"336",336,"Clostridiales_Family_XVII._Incertae_Sedis","X8_AWF_9005_2",0,"Family","AJ","WT",8,"8 Weeks"
"337",337,"Clostridiales_Family_XVII._Incertae_Sedis","X8_AWM_8728_1",0,"Family","AJ","WT",8,"8 Weeks"
"338",338,"Clostridiales_Family_XVII._Incertae_Sedis","X8_AWM_8728_2",0,"Family","AJ","WT",8,"8 Weeks"
"339",339,"Clostridiales_Family_XVII._Incertae_Sedis","X8_AWM_8730_1",0,"Family","AJ","WT",8,"8 Weeks"
"340",340,"Clostridiales_Family_XVII._Incertae_Sedis","X8_AWM_8730_2",0,"Family","AJ","WT",8,"8 Weeks"
"341",341,"Clostridiales_Family_XVII._Incertae_Sedis","X8_AWM_8766_1",0,"Family","AJ","WT",8,"8 Weeks"
"342",342,"Clostridiales_Family_XVII._Incertae_Sedis","X8_AWM_8766_2",0,"Family","AJ","WT",8,"8 Weeks"
"343",343,"Clostridiales_Family_XVII._Incertae_Sedis","X8_BKF_8726_1",0,"Family","B6","KO",8,"8 Weeks"
"344",344,"Clostridiales_Family_XVII._Incertae_Sedis","X8_BKF_8726_2",0,"Family","B6","KO",8,"8 Weeks"
"345",345,"Clostridiales_Family_XVII._Incertae_Sedis","X8_BKF_8926_1",0,"Family","B6","KO",8,"8 Weeks"
"346",346,"Clostridiales_Family_XVII._Incertae_Sedis","X8_BKF_8926_2",0,"Family","B6","KO",8,"8 Weeks"
"347",347,"Clostridiales_Family_XVII._Incertae_Sedis","X8_BKF_8927_1",0,"Family","B6","KO",8,"8 Weeks"
"348",348,"Clostridiales_Family_XVII._Incertae_Sedis","X8_BKM_8719_1",0,"Family","B6","KO",8,"8 Weeks"
"349",349,"Clostridiales_Family_XVII._Incertae_Sedis","X8_BKM_8719_2",0,"Family","B6","KO",8,"8 Weeks"
"350",350,"Clostridiales_Family_XVII._Incertae_Sedis","X8_BKM_8859_1",0,"Family","B6","KO",8,"8 Weeks"
"351",351,"Clostridiales_Family_XVII._Incertae_Sedis","X8_BKM_8859_2",0,"Family","B6","KO",8,"8 Weeks"
"352",352,"Clostridiales_Family_XVII._Incertae_Sedis","X8_BKM_8860_1",0,"Family","B6","KO",8,"8 Weeks"
"353",353,"Clostridiales_Family_XVII._Incertae_Sedis","X8_BKM_8860_2",0,"Family","B6","KO",8,"8 Weeks"
"354",354,"Clostridiales_Family_XVII._Incertae_Sedis","X8_BWF_8754_1",0,"Family","B6","WT",8,"8 Weeks"
"355",355,"Clostridiales_Family_XVII._Incertae_Sedis","X8_BWF_8754_2",0,"Family","B6","WT",8,"8 Weeks"
"356",356,"Clostridiales_Family_XVII._Incertae_Sedis","X8_BWF_8755_1",0,"Family","B6","WT",8,"8 Weeks"
"357",357,"Clostridiales_Family_XVII._Incertae_Sedis","X8_BWF_8852_1",0,"Family","B6","WT",8,"8 Weeks"
"358",358,"Clostridiales_Family_XVII._Incertae_Sedis","X8_BWF_8852_2",0,"Family","B6","WT",8,"8 Weeks"
"359",359,"Clostridiales_Family_XVII._Incertae_Sedis","X8_BWM_8745_1",0,"Family","B6","WT",8,"8 Weeks"
"360",360,"Clostridiales_Family_XVII._Incertae_Sedis","X8_BWM_8745_2",0,"Family","B6","WT",8,"8 Weeks"
"361",361,"Clostridiales_Family_XVII._Incertae_Sedis","X8_BWM_8747_1",0,"Family","B6","WT",8,"8 Weeks"
"362",362,"Clostridiales_Family_XVII._Incertae_Sedis","X8_BWM_8747_2",0,"Family","B6","WT",8,"8 Weeks"
"363",363,"Clostridiales_Family_XVII._Incertae_Sedis","X8_BWM_8847_1",0,"Family","B6","WT",8,"8 Weeks"
"364",364,"Clostridiales_Family_XVII._Incertae_Sedis","X8_BWM_8847_2",0,"Family","B6","WT",8,"8 Weeks"
"365",365,"Aurantimonadaceae","X20_AKF_8733_2",0.2,"Family","AJ","KO",20,"20 Weeks"
"366",366,"Aurantimonadaceae","X20_AKF_8738_1",0,"Family","AJ","KO",20,"20 Weeks"
"367",367,"Aurantimonadaceae","X20_AKF_8738_2",0,"Family","AJ","KO",20,"20 Weeks"
"368",368,"Aurantimonadaceae","X20_AKF_8802_1",0,"Family","AJ","KO",20,"20 Weeks"
"369",369,"Aurantimonadaceae","X20_AKF_8802_2",0,"Family","AJ","KO",20,"20 Weeks"
"370",370,"Aurantimonadaceae","X20_AKM_8768_1",0,"Family","AJ","KO",20,"20 Weeks"
"371",371,"Aurantimonadaceae","X20_AKM_8768_2",0,"Family","AJ","KO",20,"20 Weeks"
"372",372,"Aurantimonadaceae","X20_AKM_8769_1",0,"Family","AJ","KO",20,"20 Weeks"
"373",373,"Aurantimonadaceae","X20_AKM_8769_2",0,"Family","AJ","KO",20,"20 Weeks"
"374",374,"Aurantimonadaceae","X20_AKM_8771_1",0,"Family","AJ","KO",20,"20 Weeks"
"375",375,"Aurantimonadaceae","X20_AKM_8771_2",0,"Family","AJ","KO",20,"20 Weeks"
"376",376,"Aurantimonadaceae","X20_AWF_8736_1",0,"Family","AJ","WT",20,"20 Weeks"
"377",377,"Aurantimonadaceae","X20_AWF_8736_2",0,"Family","AJ","WT",20,"20 Weeks"
"378",378,"Aurantimonadaceae","X20_AWF_8797_1",0,"Family","AJ","WT",20,"20 Weeks"
"379",379,"Aurantimonadaceae","X20_AWF_8797_2",0,"Family","AJ","WT",20,"20 Weeks"
"380",380,"Aurantimonadaceae","X20_AWF_9005_1",0,"Family","AJ","WT",20,"20 Weeks"
"381",381,"Aurantimonadaceae","X20_AWF_9005_2",0,"Family","AJ","WT",20,"20 Weeks"
"382",382,"Aurantimonadaceae","X20_AWM_8728_1",0,"Family","AJ","WT",20,"20 Weeks"
"383",383,"Aurantimonadaceae","X20_AWM_8728_2",0,"Family","AJ","WT",20,"20 Weeks"
"384",384,"Aurantimonadaceae","X20_AWM_8730_1",0,"Family","AJ","WT",20,"20 Weeks"
"385",385,"Aurantimonadaceae","X20_AWM_8730_2",0,"Family","AJ","WT",20,"20 Weeks"
"386",386,"Aurantimonadaceae","X20_AWM_8766_1",0,"Family","AJ","WT",20,"20 Weeks"
"387",387,"Aurantimonadaceae","X20_AWM_8766_2",0,"Family","AJ","WT",20,"20 Weeks"
"388",388,"Aurantimonadaceae","X20_BKF_8726_1",0,"Family","B6","KO",20,"20 Weeks"
"389",389,"Aurantimonadaceae","X20_BKF_8726_2",0,"Family","B6","KO",20,"20 Weeks"
"390",390,"Aurantimonadaceae","X20_BKF_8926_1",0,"Family","B6","KO",20,"20 Weeks"
"391",391,"Aurantimonadaceae","X20_BKF_8926_2",0,"Family","B6","KO",20,"20 Weeks"
"392",392,"Aurantimonadaceae","X20_BKF_8927_1",0,"Family","B6","KO",20,"20 Weeks"
"393",393,"Aurantimonadaceae","X20_BKF_8927_2",0.2,"Family","B6","KO",20,"20 Weeks"
"394",394,"Aurantimonadaceae","X20_BKM_8719_1",0.2,"Family","B6","KO",20,"20 Weeks"
"395",395,"Aurantimonadaceae","X20_BKM_8719_2",0,"Family","B6","KO",20,"20 Weeks"
"396",396,"Aurantimonadaceae","X20_BKM_8859_1",0,"Family","B6","KO",20,"20 Weeks"
"397",397,"Aurantimonadaceae","X20_BKM_8859_2",0,"Family","B6","KO",20,"20 Weeks"
"398",398,"Aurantimonadaceae","X20_BKM_8860_1",0,"Family","B6","KO",20,"20 Weeks"
"399",399,"Aurantimonadaceae","X20_BKM_8860_2",0,"Family","B6","KO",20,"20 Weeks"
"400",400,"Aurantimonadaceae","X20_BWF_8754_1",0,"Family","B6","WT",20,"20 Weeks"
"401",401,"Aurantimonadaceae","X20_BWF_8754_2",0,"Family","B6","WT",20,"20 Weeks"
"402",402,"Aurantimonadaceae","X20_BWF_8755_1",0,"Family","B6","WT",20,"20 Weeks"
"403",403,"Aurantimonadaceae","X20_BWF_8755_2",0,"Family","B6","WT",20,"20 Weeks"
"404",404,"Aurantimonadaceae","X20_BWF_8852_1",0,"Family","B6","WT",20,"20 Weeks"
"405",405,"Aurantimonadaceae","X20_BWF_8852_2",0,"Family","B6","WT",20,"20 Weeks"
"406",406,"Aurantimonadaceae","X20_BWM_8745_1",0,"Family","B6","WT",20,"20 Weeks"
"407",407,"Aurantimonadaceae","X20_BWM_8745_2",0,"Family","B6","WT",20,"20 Weeks"
"408",408,"Aurantimonadaceae","X20_BWM_8747_1",0,"Family","B6","WT",20,"20 Weeks"
"409",409,"Aurantimonadaceae","X20_BWM_8747_2",0,"Family","B6","WT",20,"20 Weeks"
"410",410,"Aurantimonadaceae","X20_BWM_8847_1",0,"Family","B6","WT",20,"20 Weeks"
"411",411,"Aurantimonadaceae","X20_BWM_8847_2",0,"Family","B6","WT",20,"20 Weeks"
"412",412,"Aurantimonadaceae","X8_AKF_8733_1",0,"Family","AJ","KO",8,"8 Weeks"
"413",413,"Aurantimonadaceae","X8_AKF_8733_2",0,"Family","AJ","KO",8,"8 Weeks"
"414",414,"Aurantimonadaceae","X8_AKF_8738_1",0,"Family","AJ","KO",8,"8 Weeks"
"415",415,"Aurantimonadaceae","X8_AKF_8738_2",0,"Family","AJ","KO",8,"8 Weeks"
"416",416,"Aurantimonadaceae","X8_AKF_8802_1",0,"Family","AJ","KO",8,"8 Weeks"
"417",417,"Aurantimonadaceae","X8_AKM_8768_1",0,"Family","AJ","KO",8,"8 Weeks"
"418",418,"Aurantimonadaceae","X8_AKM_8768_2",0,"Family","AJ","KO",8,"8 Weeks"
"419",419,"Aurantimonadaceae","X8_AKM_8769_1",0,"Family","AJ","KO",8,"8 Weeks"
"420",420,"Aurantimonadaceae","X8_AKM_8769_2",0,"Family","AJ","KO",8,"8 Weeks"
"421",421,"Aurantimonadaceae","X8_AKM_8771_1",0,"Family","AJ","KO",8,"8 Weeks"
"422",422,"Aurantimonadaceae","X8_AKM_8771_2",0.2,"Family","AJ","KO",8,"8 Weeks"
"423",423,"Aurantimonadaceae","X8_AWF_8736_1",0,"Family","AJ","WT",8,"8 Weeks"
"424",424,"Aurantimonadaceae","X8_AWF_8736_2",0,"Family","AJ","WT",8,"8 Weeks"
"425",425,"Aurantimonadaceae","X8_AWF_8797_1",0,"Family","AJ","WT",8,"8 Weeks"
"426",426,"Aurantimonadaceae","X8_AWF_9005_1",0,"Family","AJ","WT",8,"8 Weeks"
"427",427,"Aurantimonadaceae","X8_AWF_9005_2",0,"Family","AJ","WT",8,"8 Weeks"
"428",428,"Aurantimonadaceae","X8_AWM_8728_1",0,"Family","AJ","WT",8,"8 Weeks"
"429",429,"Aurantimonadaceae","X8_AWM_8728_2",0,"Family","AJ","WT",8,"8 Weeks"
"430",430,"Aurantimonadaceae","X8_AWM_8730_1",0,"Family","AJ","WT",8,"8 Weeks"
"431",431,"Aurantimonadaceae","X8_AWM_8730_2",0.2,"Family","AJ","WT",8,"8 Weeks"
"432",432,"Aurantimonadaceae","X8_AWM_8766_1",0,"Family","AJ","WT",8,"8 Weeks"
"433",433,"Aurantimonadaceae","X8_AWM_8766_2",0,"Family","AJ","WT",8,"8 Weeks"
"434",434,"Aurantimonadaceae","X8_BKF_8726_1",0,"Family","B6","KO",8,"8 Weeks"
"435",435,"Aurantimonadaceae","X8_BKF_8726_2",0,"Family","B6","KO",8,"8 Weeks"
"436",436,"Aurantimonadaceae","X8_BKF_8926_1",0,"Family","B6","KO",8,"8 Weeks"
"437",437,"Aurantimonadaceae","X8_BKF_8926_2",0,"Family","B6","KO",8,"8 Weeks"
"438",438,"Aurantimonadaceae","X8_BKF_8927_1",0,"Family","B6","KO",8,"8 Weeks"
"439",439,"Aurantimonadaceae","X8_BKM_8719_1",0,"Family","B6","KO",8,"8 Weeks"
"440",440,"Aurantimonadaceae","X8_BKM_8719_2",0,"Family","B6","KO",8,"8 Weeks"
"441",441,"Aurantimonadaceae","X8_BKM_8859_1",0,"Family","B6","KO",8,"8 Weeks"
"442",442,"Aurantimonadaceae","X8_BKM_8859_2",0,"Family","B6","KO",8,"8 Weeks"
"443",443,"Aurantimonadaceae","X8_BKM_8860_1",0,"Family","B6","KO",8,"8 Weeks"
"444",444,"Aurantimonadaceae","X8_BKM_8860_2",0,"Family","B6","KO",8,"8 Weeks"
"445",445,"Aurantimonadaceae","X8_BWF_8754_1",0,"Family","B6","WT",8,"8 Weeks"
"446",446,"Aurantimonadaceae","X8_BWF_8754_2",0,"Family","B6","WT",8,"8 Weeks"
"447",447,"Aurantimonadaceae","X8_BWF_8755_1",0,"Family","B6","WT",8,"8 Weeks"
"448",448,"Aurantimonadaceae","X8_BWF_8852_1",0,"Family","B6","WT",8,"8 Weeks"
"449",449,"Aurantimonadaceae","X8_BWF_8852_2",0,"Family","B6","WT",8,"8 Weeks"
"450",450,"Aurantimonadaceae","X8_BWM_8745_1",0,"Family","B6","WT",8,"8 Weeks"
"451",451,"Aurantimonadaceae","X8_BWM_8745_2",0,"Family","B6","WT",8,"8 Weeks"
"452",452,"Aurantimonadaceae","X8_BWM_8747_1",0,"Family","B6","WT",8,"8 Weeks"
"453",453,"Aurantimonadaceae","X8_BWM_8747_2",0,"Family","B6","WT",8,"8 Weeks"
"454",454,"Aurantimonadaceae","X8_BWM_8847_1",0,"Family","B6","WT",8,"8 Weeks"
"455",455,"Aurantimonadaceae","X8_BWM_8847_2",0,"Family","B6","WT",8,"8 Weeks"
"456",456,"Desulfomicrobiaceae","X20_AKF_8733_2",0,"Family","AJ","KO",20,"20 Weeks"
"457",457,"Desulfomicrobiaceae","X20_AKF_8738_1",0,"Family","AJ","KO",20,"20 Weeks"
"458",458,"Desulfomicrobiaceae","X20_AKF_8738_2",0,"Family","AJ","KO",20,"20 Weeks"
"459",459,"Desulfomicrobiaceae","X20_AKF_8802_1",0,"Family","AJ","KO",20,"20 Weeks"
"460",460,"Desulfomicrobiaceae","X20_AKF_8802_2",0,"Family","AJ","KO",20,"20 Weeks"
"461",461,"Desulfomicrobiaceae","X20_AKM_8768_1",0,"Family","AJ","KO",20,"20 Weeks"
"462",462,"Desulfomicrobiaceae","X20_AKM_8768_2",0,"Family","AJ","KO",20,"20 Weeks"
"463",463,"Desulfomicrobiaceae","X20_AKM_8769_1",0,"Family","AJ","KO",20,"20 Weeks"
"464",464,"Desulfomicrobiaceae","X20_AKM_8769_2",0,"Family","AJ","KO",20,"20 Weeks"
"465",465,"Desulfomicrobiaceae","X20_AKM_8771_1",0,"Family","AJ","KO",20,"20 Weeks"
"466",466,"Desulfomicrobiaceae","X20_AKM_8771_2",0,"Family","AJ","KO",20,"20 Weeks"
"467",467,"Desulfomicrobiaceae","X20_AWF_8736_1",0,"Family","AJ","WT",20,"20 Weeks"
"468",468,"Desulfomicrobiaceae","X20_AWF_8736_2",0.2,"Family","AJ","WT",20,"20 Weeks"
"469",469,"Desulfomicrobiaceae","X20_AWF_8797_1",0,"Family","AJ","WT",20,"20 Weeks"
"470",470,"Desulfomicrobiaceae","X20_AWF_8797_2",0,"Family","AJ","WT",20,"20 Weeks"
"471",471,"Desulfomicrobiaceae","X20_AWF_9005_1",0,"Family","AJ","WT",20,"20 Weeks"
"472",472,"Desulfomicrobiaceae","X20_AWF_9005_2",0,"Family","AJ","WT",20,"20 Weeks"
"473",473,"Desulfomicrobiaceae","X20_AWM_8728_1",0,"Family","AJ","WT",20,"20 Weeks"
"474",474,"Desulfomicrobiaceae","X20_AWM_8728_2",0,"Family","AJ","WT",20,"20 Weeks"
"475",475,"Desulfomicrobiaceae","X20_AWM_8730_1",0,"Family","AJ","WT",20,"20 Weeks"
"476",476,"Desulfomicrobiaceae","X20_AWM_8730_2",0,"Family","AJ","WT",20,"20 Weeks"
"477",477,"Desulfomicrobiaceae","X20_AWM_8766_1",0,"Family","AJ","WT",20,"20 Weeks"
"478",478,"Desulfomicrobiaceae","X20_AWM_8766_2",0,"Family","AJ","WT",20,"20 Weeks"
"479",479,"Desulfomicrobiaceae","X20_BKF_8726_1",0,"Family","B6","KO",20,"20 Weeks"
"480",480,"Desulfomicrobiaceae","X20_BKF_8726_2",0,"Family","B6","KO",20,"20 Weeks"
"481",481,"Desulfomicrobiaceae","X20_BKF_8926_1",0.2,"Family","B6","KO",20,"20 Weeks"
"482",482,"Desulfomicrobiaceae","X20_BKF_8926_2",0,"Family","B6","KO",20,"20 Weeks"
"483",483,"Desulfomicrobiaceae","X20_BKF_8927_1",0,"Family","B6","KO",20,"20 Weeks"
"484",484,"Desulfomicrobiaceae","X20_BKF_8927_2",0,"Family","B6","KO",20,"20 Weeks"
"485",485,"Desulfomicrobiaceae","X20_BKM_8719_1",0,"Family","B6","KO",20,"20 Weeks"
"486",486,"Desulfomicrobiaceae","X20_BKM_8719_2",0,"Family","B6","KO",20,"20 Weeks"
"487",487,"Desulfomicrobiaceae","X20_BKM_8859_1",0,"Family","B6","KO",20,"20 Weeks"
"488",488,"Desulfomicrobiaceae","X20_BKM_8859_2",0,"Family","B6","KO",20,"20 Weeks"
"489",489,"Desulfomicrobiaceae","X20_BKM_8860_1",0,"Family","B6","KO",20,"20 Weeks"
"490",490,"Desulfomicrobiaceae","X20_BKM_8860_2",0,"Family","B6","KO",20,"20 Weeks"
"491",491,"Desulfomicrobiaceae","X20_BWF_8754_1",0,"Family","B6","WT",20,"20 Weeks"
"492",492,"Desulfomicrobiaceae","X20_BWF_8754_2",0,"Family","B6","WT",20,"20 Weeks"
"493",493,"Desulfomicrobiaceae","X20_BWF_8755_1",0,"Family","B6","WT",20,"20 Weeks"
"494",494,"Desulfomicrobiaceae","X20_BWF_8755_2",0,"Family","B6","WT",20,"20 Weeks"
"495",495,"Desulfomicrobiaceae","X20_BWF_8852_1",0,"Family","B6","WT",20,"20 Weeks"
"496",496,"Desulfomicrobiaceae","X20_BWF_8852_2",0,"Family","B6","WT",20,"20 Weeks"
"497",497,"Desulfomicrobiaceae","X20_BWM_8745_1",0,"Family","B6","WT",20,"20 Weeks"
"498",498,"Desulfomicrobiaceae","X20_BWM_8745_2",0,"Family","B6","WT",20,"20 Weeks"
"499",499,"Desulfomicrobiaceae","X20_BWM_8747_1",0,"Family","B6","WT",20,"20 Weeks"
"500",500,"Desulfomicrobiaceae","X20_BWM_8747_2",0,"Family","B6","WT",20,"20 Weeks"
"501",501,"Desulfomicrobiaceae","X20_BWM_8847_1",0,"Family","B6","WT",20,"20 Weeks"
"502",502,"Desulfomicrobiaceae","X20_BWM_8847_2",0,"Family","B6","WT",20,"20 Weeks"
"503",503,"Desulfomicrobiaceae","X8_AKF_8733_1",0,"Family","AJ","KO",8,"8 Weeks"
"504",504,"Desulfomicrobiaceae","X8_AKF_8733_2",0,"Family","AJ","KO",8,"8 Weeks"
"505",505,"Desulfomicrobiaceae","X8_AKF_8738_1",0,"Family","AJ","KO",8,"8 Weeks"
"506",506,"Desulfomicrobiaceae","X8_AKF_8738_2",0,"Family","AJ","KO",8,"8 Weeks"
"507",507,"Desulfomicrobiaceae","X8_AKF_8802_1",0,"Family","AJ","KO",8,"8 Weeks"
"508",508,"Desulfomicrobiaceae","X8_AKM_8768_1",0,"Family","AJ","KO",8,"8 Weeks"
"509",509,"Desulfomicrobiaceae","X8_AKM_8768_2",0.2,"Family","AJ","KO",8,"8 Weeks"
"510",510,"Desulfomicrobiaceae","X8_AKM_8769_1",0,"Family","AJ","KO",8,"8 Weeks"
"511",511,"Desulfomicrobiaceae","X8_AKM_8769_2",0,"Family","AJ","KO",8,"8 Weeks"
"512",512,"Desulfomicrobiaceae","X8_AKM_8771_1",0,"Family","AJ","KO",8,"8 Weeks"
"513",513,"Desulfomicrobiaceae","X8_AKM_8771_2",0,"Family","AJ","KO",8,"8 Weeks"
"514",514,"Desulfomicrobiaceae","X8_AWF_8736_1",0,"Family","AJ","WT",8,"8 Weeks"
"515",515,"Desulfomicrobiaceae","X8_AWF_8736_2",0,"Family","AJ","WT",8,"8 Weeks"
"516",516,"Desulfomicrobiaceae","X8_AWF_8797_1",0,"Family","AJ","WT",8,"8 Weeks"
"517",517,"Desulfomicrobiaceae","X8_AWF_9005_1",0,"Family","AJ","WT",8,"8 Weeks"
"518",518,"Desulfomicrobiaceae","X8_AWF_9005_2",0,"Family","AJ","WT",8,"8 Weeks"
"519",519,"Desulfomicrobiaceae","X8_AWM_8728_1",0,"Family","AJ","WT",8,"8 Weeks"
"520",520,"Desulfomicrobiaceae","X8_AWM_8728_2",0,"Family","AJ","WT",8,"8 Weeks"
"521",521,"Desulfomicrobiaceae","X8_AWM_8730_1",0.2,"Family","AJ","WT",8,"8 Weeks"
"522",522,"Desulfomicrobiaceae","X8_AWM_8730_2",0,"Family","AJ","WT",8,"8 Weeks"
"523",523,"Desulfomicrobiaceae","X8_AWM_8766_1",0,"Family","AJ","WT",8,"8 Weeks"
"524",524,"Desulfomicrobiaceae","X8_AWM_8766_2",0,"Family","AJ","WT",8,"8 Weeks"
"525",525,"Desulfomicrobiaceae","X8_BKF_8726_1",0,"Family","B6","KO",8,"8 Weeks"
"526",526,"Desulfomicrobiaceae","X8_BKF_8726_2",0,"Family","B6","KO",8,"8 Weeks"
"527",527,"Desulfomicrobiaceae","X8_BKF_8926_1",0,"Family","B6","KO",8,"8 Weeks"
"528",528,"Desulfomicrobiaceae","X8_BKF_8926_2",0,"Family","B6","KO",8,"8 Weeks"
"529",529,"Desulfomicrobiaceae","X8_BKF_8927_1",0.2,"Family","B6","KO",8,"8 Weeks"
"530",530,"Desulfomicrobiaceae","X8_BKM_8719_1",0,"Family","B6","KO",8,"8 Weeks"
"531",531,"Desulfomicrobiaceae","X8_BKM_8719_2",0,"Family","B6","KO",8,"8 Weeks"
"532",532,"Desulfomicrobiaceae","X8_BKM_8859_1",0,"Family","B6","KO",8,"8 Weeks"
"533",533,"Desulfomicrobiaceae","X8_BKM_8859_2",0,"Family","B6","KO",8,"8 Weeks"
"534",534,"Desulfomicrobiaceae","X8_BKM_8860_1",0,"Family","B6","KO",8,"8 Weeks"
"535",535,"Desulfomicrobiaceae","X8_BKM_8860_2",0,"Family","B6","KO",8,"8 Weeks"
"536",536,"Desulfomicrobiaceae","X8_BWF_8754_1",0,"Family","B6","WT",8,"8 Weeks"
"537",537,"Desulfomicrobiaceae","X8_BWF_8754_2",0,"Family","B6","WT",8,"8 Weeks"
"538",538,"Desulfomicrobiaceae","X8_BWF_8755_1",0,"Family","B6","WT",8,"8 Weeks"
"539",539,"Desulfomicrobiaceae","X8_BWF_8852_1",0,"Family","B6","WT",8,"8 Weeks"
"540",540,"Desulfomicrobiaceae","X8_BWF_8852_2",0,"Family","B6","WT",8,"8 Weeks"
"541",541,"Desulfomicrobiaceae","X8_BWM_8745_1",0,"Family","B6","WT",8,"8 Weeks"
"542",542,"Desulfomicrobiaceae","X8_BWM_8745_2",0,"Family","B6","WT",8,"8 Weeks"
"543",543,"Desulfomicrobiaceae","X8_BWM_8747_1",0,"Family","B6","WT",8,"8 Weeks"
"544",544,"Desulfomicrobiaceae","X8_BWM_8747_2",0,"Family","B6","WT",8,"8 Weeks"
"545",545,"Desulfomicrobiaceae","X8_BWM_8847_1",0,"Family","B6","WT",8,"8 Weeks"
"546",546,"Desulfomicrobiaceae","X8_BWM_8847_2",0,"Family","B6","WT",8,"8 Weeks"
"547",547,"Desulfuromonadales_unclassified","X20_AKF_8733_2",0,"Family","AJ","KO",20,"20 Weeks"
"548",548,"Desulfuromonadales_unclassified","X20_AKF_8738_1",0,"Family","AJ","KO",20,"20 Weeks"
"549",549,"Desulfuromonadales_unclassified","X20_AKF_8738_2",0,"Family","AJ","KO",20,"20 Weeks"
"550",550,"Desulfuromonadales_unclassified","X20_AKF_8802_1",0,"Family","AJ","KO",20,"20 Weeks"
"551",551,"Desulfuromonadales_unclassified","X20_AKF_8802_2",0,"Family","AJ","KO",20,"20 Weeks"
"552",552,"Desulfuromonadales_unclassified","X20_AKM_8768_1",0,"Family","AJ","KO",20,"20 Weeks"
"553",553,"Desulfuromonadales_unclassified","X20_AKM_8768_2",0,"Family","AJ","KO",20,"20 Weeks"
"554",554,"Desulfuromonadales_unclassified","X20_AKM_8769_1",0,"Family","AJ","KO",20,"20 Weeks"
"555",555,"Desulfuromonadales_unclassified","X20_AKM_8769_2",0,"Family","AJ","KO",20,"20 Weeks"
"556",556,"Desulfuromonadales_unclassified","X20_AKM_8771_1",0,"Family","AJ","KO",20,"20 Weeks"
"557",557,"Desulfuromonadales_unclassified","X20_AKM_8771_2",0,"Family","AJ","KO",20,"20 Weeks"
"558",558,"Desulfuromonadales_unclassified","X20_AWF_8736_1",0,"Family","AJ","WT",20,"20 Weeks"
"559",559,"Desulfuromonadales_unclassified","X20_AWF_8736_2",0,"Family","AJ","WT",20,"20 Weeks"
"560",560,"Desulfuromonadales_unclassified","X20_AWF_8797_1",0,"Family","AJ","WT",20,"20 Weeks"
"561",561,"Desulfuromonadales_unclassified","X20_AWF_8797_2",0,"Family","AJ","WT",20,"20 Weeks"
"562",562,"Desulfuromonadales_unclassified","X20_AWF_9005_1",0,"Family","AJ","WT",20,"20 Weeks"
"563",563,"Desulfuromonadales_unclassified","X20_AWF_9005_2",0,"Family","AJ","WT",20,"20 Weeks"
"564",564,"Desulfuromonadales_unclassified","X20_AWM_8728_1",0,"Family","AJ","WT",20,"20 Weeks"
"565",565,"Desulfuromonadales_unclassified","X20_AWM_8728_2",0,"Family","AJ","WT",20,"20 Weeks"
"566",566,"Desulfuromonadales_unclassified","X20_AWM_8730_1",0,"Family","AJ","WT",20,"20 Weeks"
"567",567,"Desulfuromonadales_unclassified","X20_AWM_8730_2",0,"Family","AJ","WT",20,"20 Weeks"
"568",568,"Desulfuromonadales_unclassified","X20_AWM_8766_1",0,"Family","AJ","WT",20,"20 Weeks"
"569",569,"Desulfuromonadales_unclassified","X20_AWM_8766_2",0,"Family","AJ","WT",20,"20 Weeks"
"570",570,"Desulfuromonadales_unclassified","X20_BKF_8726_1",0,"Family","B6","KO",20,"20 Weeks"
"571",571,"Desulfuromonadales_unclassified","X20_BKF_8726_2",0,"Family","B6","KO",20,"20 Weeks"
"572",572,"Desulfuromonadales_unclassified","X20_BKF_8926_1",0,"Family","B6","KO",20,"20 Weeks"
"573",573,"Desulfuromonadales_unclassified","X20_BKF_8926_2",0,"Family","B6","KO",20,"20 Weeks"
"574",574,"Desulfuromonadales_unclassified","X20_BKF_8927_1",0,"Family","B6","KO",20,"20 Weeks"
"575",575,"Desulfuromonadales_unclassified","X20_BKF_8927_2",0,"Family","B6","KO",20,"20 Weeks"
"576",576,"Desulfuromonadales_unclassified","X20_BKM_8719_1",0,"Family","B6","KO",20,"20 Weeks"
"577",577,"Desulfuromonadales_unclassified","X20_BKM_8719_2",0,"Family","B6","KO",20,"20 Weeks"
"578",578,"Desulfuromonadales_unclassified","X20_BKM_8859_1",0,"Family","B6","KO",20,"20 Weeks"
"579",579,"Desulfuromonadales_unclassified","X20_BKM_8859_2",0,"Family","B6","KO",20,"20 Weeks"
"580",580,"Desulfuromonadales_unclassified","X20_BKM_8860_1",0,"Family","B6","KO",20,"20 Weeks"
"581",581,"Desulfuromonadales_unclassified","X20_BKM_8860_2",0,"Family","B6","KO",20,"20 Weeks"
"582",582,"Desulfuromonadales_unclassified","X20_BWF_8754_1",0,"Family","B6","WT",20,"20 Weeks"
"583",583,"Desulfuromonadales_unclassified","X20_BWF_8754_2",0,"Family","B6","WT",20,"20 Weeks"
"584",584,"Desulfuromonadales_unclassified","X20_BWF_8755_1",0,"Family","B6","WT",20,"20 Weeks"
"585",585,"Desulfuromonadales_unclassified","X20_BWF_8755_2",0,"Family","B6","WT",20,"20 Weeks"
"586",586,"Desulfuromonadales_unclassified","X20_BWF_8852_1",0,"Family","B6","WT",20,"20 Weeks"
"587",587,"Desulfuromonadales_unclassified","X20_BWF_8852_2",0,"Family","B6","WT",20,"20 Weeks"
"588",588,"Desulfuromonadales_unclassified","X20_BWM_8745_1",0,"Family","B6","WT",20,"20 Weeks"
"589",589,"Desulfuromonadales_unclassified","X20_BWM_8745_2",0,"Family","B6","WT",20,"20 Weeks"
"590",590,"Desulfuromonadales_unclassified","X20_BWM_8747_1",0,"Family","B6","WT",20,"20 Weeks"
"591",591,"Desulfuromonadales_unclassified","X20_BWM_8747_2",0,"Family","B6","WT",20,"20 Weeks"
"592",592,"Desulfuromonadales_unclassified","X20_BWM_8847_1",0,"Family","B6","WT",20,"20 Weeks"
"593",593,"Desulfuromonadales_unclassified","X20_BWM_8847_2",0,"Family","B6","WT",20,"20 Weeks"
"594",594,"Desulfuromonadales_unclassified","X8_AKF_8733_1",0,"Family","AJ","KO",8,"8 Weeks"
"595",595,"Desulfuromonadales_unclassified","X8_AKF_8733_2",0,"Family","AJ","KO",8,"8 Weeks"
"596",596,"Desulfuromonadales_unclassified","X8_AKF_8738_1",0,"Family","AJ","KO",8,"8 Weeks"
"597",597,"Desulfuromonadales_unclassified","X8_AKF_8738_2",0,"Family","AJ","KO",8,"8 Weeks"
"598",598,"Desulfuromonadales_unclassified","X8_AKF_8802_1",0,"Family","AJ","KO",8,"8 Weeks"
"599",599,"Desulfuromonadales_unclassified","X8_AKM_8768_1",1,"Family","AJ","KO",8,"8 Weeks"
"600",600,"Desulfuromonadales_unclassified","X8_AKM_8768_2",0,"Family","AJ","KO",8,"8 Weeks"
"601",601,"Desulfuromonadales_unclassified","X8_AKM_8769_1",0,"Family","AJ","KO",8,"8 Weeks"
"602",602,"Desulfuromonadales_unclassified","X8_AKM_8769_2",0,"Family","AJ","KO",8,"8 Weeks"
"603",603,"Desulfuromonadales_unclassified","X8_AKM_8771_1",0,"Family","AJ","KO",8,"8 Weeks"
"604",604,"Desulfuromonadales_unclassified","X8_AKM_8771_2",0,"Family","AJ","KO",8,"8 Weeks"
"605",605,"Desulfuromonadales_unclassified","X8_AWF_8736_1",0,"Family","AJ","WT",8,"8 Weeks"
"606",606,"Desulfuromonadales_unclassified","X8_AWF_8736_2",0,"Family","AJ","WT",8,"8 Weeks"
"607",607,"Desulfuromonadales_unclassified","X8_AWF_8797_1",0,"Family","AJ","WT",8,"8 Weeks"
"608",608,"Desulfuromonadales_unclassified","X8_AWF_9005_1",0,"Family","AJ","WT",8,"8 Weeks"
"609",609,"Desulfuromonadales_unclassified","X8_AWF_9005_2",0,"Family","AJ","WT",8,"8 Weeks"
"610",610,"Desulfuromonadales_unclassified","X8_AWM_8728_1",0,"Family","AJ","WT",8,"8 Weeks"
"611",611,"Desulfuromonadales_unclassified","X8_AWM_8728_2",0,"Family","AJ","WT",8,"8 Weeks"
"612",612,"Desulfuromonadales_unclassified","X8_AWM_8730_1",0,"Family","AJ","WT",8,"8 Weeks"
"613",613,"Desulfuromonadales_unclassified","X8_AWM_8730_2",0,"Family","AJ","WT",8,"8 Weeks"
"614",614,"Desulfuromonadales_unclassified","X8_AWM_8766_1",0,"Family","AJ","WT",8,"8 Weeks"
"615",615,"Desulfuromonadales_unclassified","X8_AWM_8766_2",0,"Family","AJ","WT",8,"8 Weeks"
"616",616,"Desulfuromonadales_unclassified","X8_BKF_8726_1",0,"Family","B6","KO",8,"8 Weeks"
"617",617,"Desulfuromonadales_unclassified","X8_BKF_8726_2",0,"Family","B6","KO",8,"8 Weeks"
"618",618,"Desulfuromonadales_unclassified","X8_BKF_8926_1",0,"Family","B6","KO",8,"8 Weeks"
"619",619,"Desulfuromonadales_unclassified","X8_BKF_8926_2",0,"Family","B6","KO",8,"8 Weeks"
"620",620,"Desulfuromonadales_unclassified","X8_BKF_8927_1",0,"Family","B6","KO",8,"8 Weeks"
"621",621,"Desulfuromonadales_unclassified","X8_BKM_8719_1",0,"Family","B6","KO",8,"8 Weeks"
"622",622,"Desulfuromonadales_unclassified","X8_BKM_8719_2",0,"Family","B6","KO",8,"8 Weeks"
"623",623,"Desulfuromonadales_unclassified","X8_BKM_8859_1",0,"Family","B6","KO",8,"8 Weeks"
"624",624,"Desulfuromonadales_unclassified","X8_BKM_8859_2",0,"Family","B6","KO",8,"8 Weeks"
"625",625,"Desulfuromonadales_unclassified","X8_BKM_8860_1",0,"Family","B6","KO",8,"8 Weeks"
"626",626,"Desulfuromonadales_unclassified","X8_BKM_8860_2",0,"Family","B6","KO",8,"8 Weeks"
"627",627,"Desulfuromonadales_unclassified","X8_BWF_8754_1",0,"Family","B6","WT",8,"8 Weeks"
"628",628,"Desulfuromonadales_unclassified","X8_BWF_8754_2",0,"Family","B6","WT",8,"8 Weeks"
"629",629,"Desulfuromonadales_unclassified","X8_BWF_8755_1",0,"Family","B6","WT",8,"8 Weeks"
"630",630,"Desulfuromonadales_unclassified","X8_BWF_8852_1",0,"Family","B6","WT",8,"8 Weeks"
"631",631,"Desulfuromonadales_unclassified","X8_BWF_8852_2",0,"Family","B6","WT",8,"8 Weeks"
"632",632,"Desulfuromonadales_unclassified","X8_BWM_8745_1",0,"Family","B6","WT",8,"8 Weeks"
"633",633,"Desulfuromonadales_unclassified","X8_BWM_8745_2",0,"Family","B6","WT",8,"8 Weeks"
"634",634,"Desulfuromonadales_unclassified","X8_BWM_8747_1",0,"Family","B6","WT",8,"8 Weeks"
"635",635,"Desulfuromonadales_unclassified","X8_BWM_8747_2",0,"Family","B6","WT",8,"8 Weeks"
"636",636,"Desulfuromonadales_unclassified","X8_BWM_8847_1",0,"Family","B6","WT",8,"8 Weeks"
"637",637,"Desulfuromonadales_unclassified","X8_BWM_8847_2",0,"Family","B6","WT",8,"8 Weeks"
"638",638,"Polyangiaceae","X20_AKF_8733_2",0,"Family","AJ","KO",20,"20 Weeks"
"639",639,"Polyangiaceae","X20_AKF_8738_1",0,"Family","AJ","KO",20,"20 Weeks"
"640",640,"Polyangiaceae","X20_AKF_8738_2",0,"Family","AJ","KO",20,"20 Weeks"
"641",641,"Polyangiaceae","X20_AKF_8802_1",0,"Family","AJ","KO",20,"20 Weeks"
"642",642,"Polyangiaceae","X20_AKF_8802_2",0,"Family","AJ","KO",20,"20 Weeks"
"643",643,"Polyangiaceae","X20_AKM_8768_1",0,"Family","AJ","KO",20,"20 Weeks"
"644",644,"Polyangiaceae","X20_AKM_8768_2",0,"Family","AJ","KO",20,"20 Weeks"
"645",645,"Polyangiaceae","X20_AKM_8769_1",0,"Family","AJ","KO",20,"20 Weeks"
"646",646,"Polyangiaceae","X20_AKM_8769_2",0,"Family","AJ","KO",20,"20 Weeks"
"647",647,"Polyangiaceae","X20_AKM_8771_1",0,"Family","AJ","KO",20,"20 Weeks"
"648",648,"Polyangiaceae","X20_AKM_8771_2",0,"Family","AJ","KO",20,"20 Weeks"
"649",649,"Polyangiaceae","X20_AWF_8736_1",0,"Family","AJ","WT",20,"20 Weeks"
"650",650,"Polyangiaceae","X20_AWF_8736_2",0,"Family","AJ","WT",20,"20 Weeks"
"651",651,"Polyangiaceae","X20_AWF_8797_1",0,"Family","AJ","WT",20,"20 Weeks"
"652",652,"Polyangiaceae","X20_AWF_8797_2",0,"Family","AJ","WT",20,"20 Weeks"
"653",653,"Polyangiaceae","X20_AWF_9005_1",0,"Family","AJ","WT",20,"20 Weeks"
"654",654,"Polyangiaceae","X20_AWF_9005_2",0,"Family","AJ","WT",20,"20 Weeks"
"655",655,"Polyangiaceae","X20_AWM_8728_1",0,"Family","AJ","WT",20,"20 Weeks"
"656",656,"Polyangiaceae","X20_AWM_8728_2",0,"Family","AJ","WT",20,"20 Weeks"
"657",657,"Polyangiaceae","X20_AWM_8730_1",0,"Family","AJ","WT",20,"20 Weeks"
"658",658,"Polyangiaceae","X20_AWM_8730_2",0,"Family","AJ","WT",20,"20 Weeks"
"659",659,"Polyangiaceae","X20_AWM_8766_1",0,"Family","AJ","WT",20,"20 Weeks"
"660",660,"Polyangiaceae","X20_AWM_8766_2",0,"Family","AJ","WT",20,"20 Weeks"
"661",661,"Polyangiaceae","X20_BKF_8726_1",0,"Family","B6","KO",20,"20 Weeks"
"662",662,"Polyangiaceae","X20_BKF_8726_2",0,"Family","B6","KO",20,"20 Weeks"
"663",663,"Polyangiaceae","X20_BKF_8926_1",0,"Family","B6","KO",20,"20 Weeks"
"664",664,"Polyangiaceae","X20_BKF_8926_2",0,"Family","B6","KO",20,"20 Weeks"
"665",665,"Polyangiaceae","X20_BKF_8927_1",0,"Family","B6","KO",20,"20 Weeks"
"666",666,"Polyangiaceae","X20_BKF_8927_2",0,"Family","B6","KO",20,"20 Weeks"
"667",667,"Polyangiaceae","X20_BKM_8719_1",0,"Family","B6","KO",20,"20 Weeks"
"668",668,"Polyangiaceae","X20_BKM_8719_2",0,"Family","B6","KO",20,"20 Weeks"
"669",669,"Polyangiaceae","X20_BKM_8859_1",0,"Family","B6","KO",20,"20 Weeks"
"670",670,"Polyangiaceae","X20_BKM_8859_2",0,"Family","B6","KO",20,"20 Weeks"
"671",671,"Polyangiaceae","X20_BKM_8860_1",0,"Family","B6","KO",20,"20 Weeks"
"672",672,"Polyangiaceae","X20_BKM_8860_2",0,"Family","B6","KO",20,"20 Weeks"
"673",673,"Polyangiaceae","X20_BWF_8754_1",0,"Family","B6","WT",20,"20 Weeks"
"674",674,"Polyangiaceae","X20_BWF_8754_2",0,"Family","B6","WT",20,"20 Weeks"
"675",675,"Polyangiaceae","X20_BWF_8755_1",0,"Family","B6","WT",20,"20 Weeks"
"676",676,"Polyangiaceae","X20_BWF_8755_2",0,"Family","B6","WT",20,"20 Weeks"
"677",677,"Polyangiaceae","X20_BWF_8852_1",0,"Family","B6","WT",20,"20 Weeks"
"678",678,"Polyangiaceae","X20_BWF_8852_2",0,"Family","B6","WT",20,"20 Weeks"
"679",679,"Polyangiaceae","X20_BWM_8745_1",0,"Family","B6","WT",20,"20 Weeks"
"680",680,"Polyangiaceae","X20_BWM_8745_2",0,"Family","B6","WT",20,"20 Weeks"
"681",681,"Polyangiaceae","X20_BWM_8747_1",0,"Family","B6","WT",20,"20 Weeks"
"682",682,"Polyangiaceae","X20_BWM_8747_2",0,"Family","B6","WT",20,"20 Weeks"
"683",683,"Polyangiaceae","X20_BWM_8847_1",0,"Family","B6","WT",20,"20 Weeks"
"684",684,"Polyangiaceae","X20_BWM_8847_2",0,"Family","B6","WT",20,"20 Weeks"
"685",685,"Polyangiaceae","X8_AKF_8733_1",0.5,"Family","AJ","KO",8,"8 Weeks"
"686",686,"Polyangiaceae","X8_AKF_8733_2",0,"Family","AJ","KO",8,"8 Weeks"
"687",687,"Polyangiaceae","X8_AKF_8738_1",0,"Family","AJ","KO",8,"8 Weeks"
"688",688,"Polyangiaceae","X8_AKF_8738_2",0,"Family","AJ","KO",8,"8 Weeks"
"689",689,"Polyangiaceae","X8_AKF_8802_1",0,"Family","AJ","KO",8,"8 Weeks"
"690",690,"Polyangiaceae","X8_AKM_8768_1",0,"Family","AJ","KO",8,"8 Weeks"
"691",691,"Polyangiaceae","X8_AKM_8768_2",0,"Family","AJ","KO",8,"8 Weeks"
"692",692,"Polyangiaceae","X8_AKM_8769_1",0,"Family","AJ","KO",8,"8 Weeks"
"693",693,"Polyangiaceae","X8_AKM_8769_2",0,"Family","AJ","KO",8,"8 Weeks"
"694",694,"Polyangiaceae","X8_AKM_8771_1",0,"Family","AJ","KO",8,"8 Weeks"
"695",695,"Polyangiaceae","X8_AKM_8771_2",0,"Family","AJ","KO",8,"8 Weeks"
"696",696,"Polyangiaceae","X8_AWF_8736_1",0,"Family","AJ","WT",8,"8 Weeks"
"697",697,"Polyangiaceae","X8_AWF_8736_2",0,"Family","AJ","WT",8,"8 Weeks"
"698",698,"Polyangiaceae","X8_AWF_8797_1",0,"Family","AJ","WT",8,"8 Weeks"
"699",699,"Polyangiaceae","X8_AWF_9005_1",0,"Family","AJ","WT",8,"8 Weeks"
"700",700,"Polyangiaceae","X8_AWF_9005_2",0,"Family","AJ","WT",8,"8 Weeks"
"701",701,"Polyangiaceae","X8_AWM_8728_1",0,"Family","AJ","WT",8,"8 Weeks"
"702",702,"Polyangiaceae","X8_AWM_8728_2",0,"Family","AJ","WT",8,"8 Weeks"
"703",703,"Polyangiaceae","X8_AWM_8730_1",0,"Family","AJ","WT",8,"8 Weeks"
"704",704,"Polyangiaceae","X8_AWM_8730_2",0,"Family","AJ","WT",8,"8 Weeks"
"705",705,"Polyangiaceae","X8_AWM_8766_1",0,"Family","AJ","WT",8,"8 Weeks"
"706",706,"Polyangiaceae","X8_AWM_8766_2",0,"Family","AJ","WT",8,"8 Weeks"
"707",707,"Polyangiaceae","X8_BKF_8726_1",0,"Family","B6","KO",8,"8 Weeks"
"708",708,"Polyangiaceae","X8_BKF_8726_2",0,"Family","B6","KO",8,"8 Weeks"
"709",709,"Polyangiaceae","X8_BKF_8926_1",0,"Family","B6","KO",8,"8 Weeks"
"710",710,"Polyangiaceae","X8_BKF_8926_2",0,"Family","B6","KO",8,"8 Weeks"
"711",711,"Polyangiaceae","X8_BKF_8927_1",0,"Family","B6","KO",8,"8 Weeks"
"712",712,"Polyangiaceae","X8_BKM_8719_1",0,"Family","B6","KO",8,"8 Weeks"
"713",713,"Polyangiaceae","X8_BKM_8719_2",0,"Family","B6","KO",8,"8 Weeks"
"714",714,"Polyangiaceae","X8_BKM_8859_1",0,"Family","B6","KO",8,"8 Weeks"
"715",715,"Polyangiaceae","X8_BKM_8859_2",0,"Family","B6","KO",8,"8 Weeks"
"716",716,"Polyangiaceae","X8_BKM_8860_1",0,"Family","B6","KO",8,"8 Weeks"
"717",717,"Polyangiaceae","X8_BKM_8860_2",0,"Family","B6","KO",8,"8 Weeks"
"718",718,"Polyangiaceae","X8_BWF_8754_1",0,"Family","B6","WT",8,"8 Weeks"
"719",719,"Polyangiaceae","X8_BWF_8754_2",0,"Family","B6","WT",8,"8 Weeks"
"720",720,"Polyangiaceae","X8_BWF_8755_1",0.5,"Family","B6","WT",8,"8 Weeks"
"721",721,"Polyangiaceae","X8_BWF_8852_1",0,"Family","B6","WT",8,"8 Weeks"
"722",722,"Polyangiaceae","X8_BWF_8852_2",0,"Family","B6","WT",8,"8 Weeks"
"723",723,"Polyangiaceae","X8_BWM_8745_1",0,"Family","B6","WT",8,"8 Weeks"
"724",724,"Polyangiaceae","X8_BWM_8745_2",0,"Family","B6","WT",8,"8 Weeks"
"725",725,"Polyangiaceae","X8_BWM_8747_1",0,"Family","B6","WT",8,"8 Weeks"
"726",726,"Polyangiaceae","X8_BWM_8747_2",0,"Family","B6","WT",8,"8 Weeks"
"727",727,"Polyangiaceae","X8_BWM_8847_1",0,"Family","B6","WT",8,"8 Weeks"
"728",728,"Polyangiaceae","X8_BWM_8847_2",0,"Family","B6","WT",8,"8 Weeks"
"729",729,"Ectothiorhodospiraceae","X20_AKF_8733_2",0,"Family","AJ","KO",20,"20 Weeks"
"730",730,"Ectothiorhodospiraceae","X20_AKF_8738_1",0,"Family","AJ","KO",20,"20 Weeks"
"731",731,"Ectothiorhodospiraceae","X20_AKF_8738_2",0,"Family","AJ","KO",20,"20 Weeks"
"732",732,"Ectothiorhodospiraceae","X20_AKF_8802_1",0,"Family","AJ","KO",20,"20 Weeks"
"733",733,"Ectothiorhodospiraceae","X20_AKF_8802_2",1,"Family","AJ","KO",20,"20 Weeks"
"734",734,"Ectothiorhodospiraceae","X20_AKM_8768_1",0,"Family","AJ","KO",20,"20 Weeks"
"735",735,"Ectothiorhodospiraceae","X20_AKM_8768_2",0,"Family","AJ","KO",20,"20 Weeks"
"736",736,"Ectothiorhodospiraceae","X20_AKM_8769_1",0,"Family","AJ","KO",20,"20 Weeks"
"737",737,"Ectothiorhodospiraceae","X20_AKM_8769_2",0,"Family","AJ","KO",20,"20 Weeks"
"738",738,"Ectothiorhodospiraceae","X20_AKM_8771_1",0,"Family","AJ","KO",20,"20 Weeks"
"739",739,"Ectothiorhodospiraceae","X20_AKM_8771_2",0,"Family","AJ","KO",20,"20 Weeks"
"740",740,"Ectothiorhodospiraceae","X20_AWF_8736_1",0,"Family","AJ","WT",20,"20 Weeks"
"741",741,"Ectothiorhodospiraceae","X20_AWF_8736_2",0,"Family","AJ","WT",20,"20 Weeks"
"742",742,"Ectothiorhodospiraceae","X20_AWF_8797_1",0,"Family","AJ","WT",20,"20 Weeks"
"743",743,"Ectothiorhodospiraceae","X20_AWF_8797_2",0,"Family","AJ","WT",20,"20 Weeks"
"744",744,"Ectothiorhodospiraceae","X20_AWF_9005_1",0,"Family","AJ","WT",20,"20 Weeks"
"745",745,"Ectothiorhodospiraceae","X20_AWF_9005_2",0,"Family","AJ","WT",20,"20 Weeks"
"746",746,"Ectothiorhodospiraceae","X20_AWM_8728_1",0,"Family","AJ","WT",20,"20 Weeks"
"747",747,"Ectothiorhodospiraceae","X20_AWM_8728_2",0,"Family","AJ","WT",20,"20 Weeks"
"748",748,"Ectothiorhodospiraceae","X20_AWM_8730_1",0,"Family","AJ","WT",20,"20 Weeks"
"749",749,"Ectothiorhodospiraceae","X20_AWM_8730_2",0,"Family","AJ","WT",20,"20 Weeks"
"750",750,"Ectothiorhodospiraceae","X20_AWM_8766_1",0,"Family","AJ","WT",20,"20 Weeks"
"751",751,"Ectothiorhodospiraceae","X20_AWM_8766_2",0,"Family","AJ","WT",20,"20 Weeks"
"752",752,"Ectothiorhodospiraceae","X20_BKF_8726_1",0,"Family","B6","KO",20,"20 Weeks"
"753",753,"Ectothiorhodospiraceae","X20_BKF_8726_2",0,"Family","B6","KO",20,"20 Weeks"
"754",754,"Ectothiorhodospiraceae","X20_BKF_8926_1",0,"Family","B6","KO",20,"20 Weeks"
"755",755,"Ectothiorhodospiraceae","X20_BKF_8926_2",0,"Family","B6","KO",20,"20 Weeks"
"756",756,"Ectothiorhodospiraceae","X20_BKF_8927_1",0,"Family","B6","KO",20,"20 Weeks"
"757",757,"Ectothiorhodospiraceae","X20_BKF_8927_2",0,"Family","B6","KO",20,"20 Weeks"
"758",758,"Ectothiorhodospiraceae","X20_BKM_8719_1",0,"Family","B6","KO",20,"20 Weeks"
"759",759,"Ectothiorhodospiraceae","X20_BKM_8719_2",0,"Family","B6","KO",20,"20 Weeks"
"760",760,"Ectothiorhodospiraceae","X20_BKM_8859_1",0,"Family","B6","KO",20,"20 Weeks"
"761",761,"Ectothiorhodospiraceae","X20_BKM_8859_2",0,"Family","B6","KO",20,"20 Weeks"
"762",762,"Ectothiorhodospiraceae","X20_BKM_8860_1",0,"Family","B6","KO",20,"20 Weeks"
"763",763,"Ectothiorhodospiraceae","X20_BKM_8860_2",0,"Family","B6","KO",20,"20 Weeks"
"764",764,"Ectothiorhodospiraceae","X20_BWF_8754_1",0,"Family","B6","WT",20,"20 Weeks"
"765",765,"Ectothiorhodospiraceae","X20_BWF_8754_2",0,"Family","B6","WT",20,"20 Weeks"
"766",766,"Ectothiorhodospiraceae","X20_BWF_8755_1",0,"Family","B6","WT",20,"20 Weeks"
"767",767,"Ectothiorhodospiraceae","X20_BWF_8755_2",0,"Family","B6","WT",20,"20 Weeks"
"768",768,"Ectothiorhodospiraceae","X20_BWF_8852_1",0,"Family","B6","WT",20,"20 Weeks"
"769",769,"Ectothiorhodospiraceae","X20_BWF_8852_2",0,"Family","B6","WT",20,"20 Weeks"
"770",770,"Ectothiorhodospiraceae","X20_BWM_8745_1",0,"Family","B6","WT",20,"20 Weeks"
"771",771,"Ectothiorhodospiraceae","X20_BWM_8745_2",0,"Family","B6","WT",20,"20 Weeks"
"772",772,"Ectothiorhodospiraceae","X20_BWM_8747_1",0,"Family","B6","WT",20,"20 Weeks"
"773",773,"Ectothiorhodospiraceae","X20_BWM_8747_2",0,"Family","B6","WT",20,"20 Weeks"
"774",774,"Ectothiorhodospiraceae","X20_BWM_8847_1",0,"Family","B6","WT",20,"20 Weeks"
"775",775,"Ectothiorhodospiraceae","X20_BWM_8847_2",0,"Family","B6","WT",20,"20 Weeks"
"776",776,"Ectothiorhodospiraceae","X8_AKF_8733_1",0,"Family","AJ","KO",8,"8 Weeks"
"777",777,"Ectothiorhodospiraceae","X8_AKF_8733_2",0,"Family","AJ","KO",8,"8 Weeks"
"778",778,"Ectothiorhodospiraceae","X8_AKF_8738_1",0,"Family","AJ","KO",8,"8 Weeks"
"779",779,"Ectothiorhodospiraceae","X8_AKF_8738_2",0,"Family","AJ","KO",8,"8 Weeks"
"780",780,"Ectothiorhodospiraceae","X8_AKF_8802_1",0,"Family","AJ","KO",8,"8 Weeks"
"781",781,"Ectothiorhodospiraceae","X8_AKM_8768_1",0,"Family","AJ","KO",8,"8 Weeks"
"782",782,"Ectothiorhodospiraceae","X8_AKM_8768_2",0,"Family","AJ","KO",8,"8 Weeks"
"783",783,"Ectothiorhodospiraceae","X8_AKM_8769_1",0,"Family","AJ","KO",8,"8 Weeks"
"784",784,"Ectothiorhodospiraceae","X8_AKM_8769_2",0,"Family","AJ","KO",8,"8 Weeks"
"785",785,"Ectothiorhodospiraceae","X8_AKM_8771_1",0,"Family","AJ","KO",8,"8 Weeks"
"786",786,"Ectothiorhodospiraceae","X8_AKM_8771_2",0,"Family","AJ","KO",8,"8 Weeks"
"787",787,"Ectothiorhodospiraceae","X8_AWF_8736_1",0,"Family","AJ","WT",8,"8 Weeks"
"788",788,"Ectothiorhodospiraceae","X8_AWF_8736_2",0,"Family","AJ","WT",8,"8 Weeks"
"789",789,"Ectothiorhodospiraceae","X8_AWF_8797_1",0,"Family","AJ","WT",8,"8 Weeks"
"790",790,"Ectothiorhodospiraceae","X8_AWF_9005_1",0,"Family","AJ","WT",8,"8 Weeks"
"791",791,"Ectothiorhodospiraceae","X8_AWF_9005_2",0,"Family","AJ","WT",8,"8 Weeks"
"792",792,"Ectothiorhodospiraceae","X8_AWM_8728_1",0,"Family","AJ","WT",8,"8 Weeks"
"793",793,"Ectothiorhodospiraceae","X8_AWM_8728_2",0,"Family","AJ","WT",8,"8 Weeks"
"794",794,"Ectothiorhodospiraceae","X8_AWM_8730_1",0,"Family","AJ","WT",8,"8 Weeks"
"795",795,"Ectothiorhodospiraceae","X8_AWM_8730_2",0,"Family","AJ","WT",8,"8 Weeks"
"796",796,"Ectothiorhodospiraceae","X8_AWM_8766_1",0,"Family","AJ","WT",8,"8 Weeks"
"797",797,"Ectothiorhodospiraceae","X8_AWM_8766_2",0,"Family","AJ","WT",8,"8 Weeks"
"798",798,"Ectothiorhodospiraceae","X8_BKF_8726_1",0,"Family","B6","KO",8,"8 Weeks"
"799",799,"Ectothiorhodospiraceae","X8_BKF_8726_2",0,"Family","B6","KO",8,"8 Weeks"
"800",800,"Ectothiorhodospiraceae","X8_BKF_8926_1",0,"Family","B6","KO",8,"8 Weeks"
"801",801,"Ectothiorhodospiraceae","X8_BKF_8926_2",0,"Family","B6","KO",8,"8 Weeks"
"802",802,"Ectothiorhodospiraceae","X8_BKF_8927_1",0,"Family","B6","KO",8,"8 Weeks"
"803",803,"Ectothiorhodospiraceae","X8_BKM_8719_1",0,"Family","B6","KO",8,"8 Weeks"
"804",804,"Ectothiorhodospiraceae","X8_BKM_8719_2",0,"Family","B6","KO",8,"8 Weeks"
"805",805,"Ectothiorhodospiraceae","X8_BKM_8859_1",0,"Family","B6","KO",8,"8 Weeks"
"806",806,"Ectothiorhodospiraceae","X8_BKM_8859_2",0,"Family","B6","KO",8,"8 Weeks"
"807",807,"Ectothiorhodospiraceae","X8_BKM_8860_1",0,"Family","B6","KO",8,"8 Weeks"
"808",808,"Ectothiorhodospiraceae","X8_BKM_8860_2",0,"Family","B6","KO",8,"8 Weeks"
"809",809,"Ectothiorhodospiraceae","X8_BWF_8754_1",0,"Family","B6","WT",8,"8 Weeks"
"810",810,"Ectothiorhodospiraceae","X8_BWF_8754_2",0,"Family","B6","WT",8,"8 Weeks"
"811",811,"Ectothiorhodospiraceae","X8_BWF_8755_1",0,"Family","B6","WT",8,"8 Weeks"
"812",812,"Ectothiorhodospiraceae","X8_BWF_8852_1",0,"Family","B6","WT",8,"8 Weeks"
"813",813,"Ectothiorhodospiraceae","X8_BWF_8852_2",0,"Family","B6","WT",8,"8 Weeks"
"814",814,"Ectothiorhodospiraceae","X8_BWM_8745_1",0,"Family","B6","WT",8,"8 Weeks"
"815",815,"Ectothiorhodospiraceae","X8_BWM_8745_2",0,"Family","B6","WT",8,"8 Weeks"
"816",816,"Ectothiorhodospiraceae","X8_BWM_8747_1",0,"Family","B6","WT",8,"8 Weeks"
"817",817,"Ectothiorhodospiraceae","X8_BWM_8747_2",0,"Family","B6","WT",8,"8 Weeks"
"818",818,"Ectothiorhodospiraceae","X8_BWM_8847_1",0,"Family","B6","WT",8,"8 Weeks"
"819",819,"Ectothiorhodospiraceae","X8_BWM_8847_2",0,"Family","B6","WT",8,"8 Weeks"
"820",820,"Acholeplasmataceae","X20_AKF_8733_2",0.000515198,"Family","AJ","KO",20,"20 Weeks"
"821",821,"Acholeplasmataceae","X20_AKF_8738_1",0.000515198,"Family","AJ","KO",20,"20 Weeks"
"822",822,"Acholeplasmataceae","X20_AKF_8738_2",0,"Family","AJ","KO",20,"20 Weeks"
"823",823,"Acholeplasmataceae","X20_AKF_8802_1",0,"Family","AJ","KO",20,"20 Weeks"
"824",824,"Acholeplasmataceae","X20_AKF_8802_2",0,"Family","AJ","KO",20,"20 Weeks"
"825",825,"Acholeplasmataceae","X20_AKM_8768_1",0,"Family","AJ","KO",20,"20 Weeks"
"826",826,"Acholeplasmataceae","X20_AKM_8768_2",0,"Family","AJ","KO",20,"20 Weeks"
"827",827,"Acholeplasmataceae","X20_AKM_8769_1",0,"Family","AJ","KO",20,"20 Weeks"
"828",828,"Acholeplasmataceae","X20_AKM_8769_2",0,"Family","AJ","KO",20,"20 Weeks"
"829",829,"Acholeplasmataceae","X20_AKM_8771_1",0,"Family","AJ","KO",20,"20 Weeks"
"830",830,"Acholeplasmataceae","X20_AKM_8771_2",0,"Family","AJ","KO",20,"20 Weeks"
"831",831,"Acholeplasmataceae","X20_AWF_8736_1",0.002060793,"Family","AJ","WT",20,"20 Weeks"
"832",832,"Acholeplasmataceae","X20_AWF_8736_2",0,"Family","AJ","WT",20,"20 Weeks"
"833",833,"Acholeplasmataceae","X20_AWF_8797_1",0,"Family","AJ","WT",20,"20 Weeks"
"834",834,"Acholeplasmataceae","X20_AWF_8797_2",0.001545595,"Family","AJ","WT",20,"20 Weeks"
"835",835,"Acholeplasmataceae","X20_AWF_9005_1",0,"Family","AJ","WT",20,"20 Weeks"
"836",836,"Acholeplasmataceae","X20_AWF_9005_2",0.000515198,"Family","AJ","WT",20,"20 Weeks"
"837",837,"Acholeplasmataceae","X20_AWM_8728_1",0,"Family","AJ","WT",20,"20 Weeks"
"838",838,"Acholeplasmataceae","X20_AWM_8728_2",0,"Family","AJ","WT",20,"20 Weeks"
"839",839,"Acholeplasmataceae","X20_AWM_8730_1",0.001030397,"Family","AJ","WT",20,"20 Weeks"
"840",840,"Acholeplasmataceae","X20_AWM_8730_2",0.001030397,"Family","AJ","WT",20,"20 Weeks"
"841",841,"Acholeplasmataceae","X20_AWM_8766_1",0.750643998,"Family","AJ","WT",20,"20 Weeks"
"842",842,"Acholeplasmataceae","X20_AWM_8766_2",0.03760948,"Family","AJ","WT",20,"20 Weeks"
"843",843,"Acholeplasmataceae","X20_BKF_8726_1",0.002060793,"Family","B6","KO",20,"20 Weeks"
"844",844,"Acholeplasmataceae","X20_BKF_8726_2",0.001030397,"Family","B6","KO",20,"20 Weeks"
"845",845,"Acholeplasmataceae","X20_BKF_8926_1",0.00309119,"Family","B6","KO",20,"20 Weeks"
"846",846,"Acholeplasmataceae","X20_BKF_8926_2",0.005151984,"Family","B6","KO",20,"20 Weeks"
"847",847,"Acholeplasmataceae","X20_BKF_8927_1",0.010303967,"Family","B6","KO",20,"20 Weeks"
"848",848,"Acholeplasmataceae","X20_BKF_8927_2",0.00927357,"Family","B6","KO",20,"20 Weeks"
"849",849,"Acholeplasmataceae","X20_BKM_8719_1",0.001030397,"Family","B6","KO",20,"20 Weeks"
"850",850,"Acholeplasmataceae","X20_BKM_8719_2",0.002060793,"Family","B6","KO",20,"20 Weeks"
"851",851,"Acholeplasmataceae","X20_BKM_8859_1",0.002060793,"Family","B6","KO",20,"20 Weeks"
"852",852,"Acholeplasmataceae","X20_BKM_8859_2",0.004121587,"Family","B6","KO",20,"20 Weeks"
"853",853,"Acholeplasmataceae","X20_BKM_8860_1",0.003606388,"Family","B6","KO",20,"20 Weeks"
"854",854,"Acholeplasmataceae","X20_BKM_8860_2",0.004121587,"Family","B6","KO",20,"20 Weeks"
"855",855,"Acholeplasmataceae","X20_BWF_8754_1",0.003606388,"Family","B6","WT",20,"20 Weeks"
"856",856,"Acholeplasmataceae","X20_BWF_8754_2",0.00309119,"Family","B6","WT",20,"20 Weeks"
"857",857,"Acholeplasmataceae","X20_BWF_8755_1",0.001545595,"Family","B6","WT",20,"20 Weeks"
"858",858,"Acholeplasmataceae","X20_BWF_8755_2",0.001545595,"Family","B6","WT",20,"20 Weeks"
"859",859,"Acholeplasmataceae","X20_BWF_8852_1",0.00309119,"Family","B6","WT",20,"20 Weeks"
"860",860,"Acholeplasmataceae","X20_BWF_8852_2",0.005151984,"Family","B6","WT",20,"20 Weeks"
"861",861,"Acholeplasmataceae","X20_BWM_8745_1",0.005667182,"Family","B6","WT",20,"20 Weeks"
"862",862,"Acholeplasmataceae","X20_BWM_8745_2",0.008243174,"Family","B6","WT",20,"20 Weeks"
"863",863,"Acholeplasmataceae","X20_BWM_8747_1",0.005151984,"Family","B6","WT",20,"20 Weeks"
"864",864,"Acholeplasmataceae","X20_BWM_8747_2",0.00309119,"Family","B6","WT",20,"20 Weeks"
"865",865,"Acholeplasmataceae","X20_BWM_8847_1",0.002575992,"Family","B6","WT",20,"20 Weeks"
"866",866,"Acholeplasmataceae","X20_BWM_8847_2",0.008758372,"Family","B6","WT",20,"20 Weeks"
"867",867,"Acholeplasmataceae","X8_AKF_8733_1",0.007212777,"Family","AJ","KO",8,"8 Weeks"
"868",868,"Acholeplasmataceae","X8_AKF_8733_2",0.007727975,"Family","AJ","KO",8,"8 Weeks"
"869",869,"Acholeplasmataceae","X8_AKF_8738_1",0.001545595,"Family","AJ","KO",8,"8 Weeks"
"870",870,"Acholeplasmataceae","X8_AKF_8738_2",0.00618238,"Family","AJ","KO",8,"8 Weeks"
"871",871,"Acholeplasmataceae","X8_AKF_8802_1",0.00309119,"Family","AJ","KO",8,"8 Weeks"
"872",872,"Acholeplasmataceae","X8_AKM_8768_1",0.001545595,"Family","AJ","KO",8,"8 Weeks"
"873",873,"Acholeplasmataceae","X8_AKM_8768_2",0.001030397,"Family","AJ","KO",8,"8 Weeks"
"874",874,"Acholeplasmataceae","X8_AKM_8769_1",0.000515198,"Family","AJ","KO",8,"8 Weeks"
"875",875,"Acholeplasmataceae","X8_AKM_8769_2",0,"Family","AJ","KO",8,"8 Weeks"
"876",876,"Acholeplasmataceae","X8_AKM_8771_1",0,"Family","AJ","KO",8,"8 Weeks"
"877",877,"Acholeplasmataceae","X8_AKM_8771_2",0,"Family","AJ","KO",8,"8 Weeks"
"878",878,"Acholeplasmataceae","X8_AWF_8736_1",0.002575992,"Family","AJ","WT",8,"8 Weeks"
"879",879,"Acholeplasmataceae","X8_AWF_8736_2",0.004121587,"Family","AJ","WT",8,"8 Weeks"
"880",880,"Acholeplasmataceae","X8_AWF_8797_1",0.002575992,"Family","AJ","WT",8,"8 Weeks"
"881",881,"Acholeplasmataceae","X8_AWF_9005_1",0.001545595,"Family","AJ","WT",8,"8 Weeks"
"882",882,"Acholeplasmataceae","X8_AWF_9005_2",0,"Family","AJ","WT",8,"8 Weeks"
"883",883,"Acholeplasmataceae","X8_AWM_8728_1",0,"Family","AJ","WT",8,"8 Weeks"
"884",884,"Acholeplasmataceae","X8_AWM_8728_2",0.002060793,"Family","AJ","WT",8,"8 Weeks"
"885",885,"Acholeplasmataceae","X8_AWM_8730_1",0,"Family","AJ","WT",8,"8 Weeks"
"886",886,"Acholeplasmataceae","X8_AWM_8730_2",0,"Family","AJ","WT",8,"8 Weeks"
"887",887,"Acholeplasmataceae","X8_AWM_8766_1",0.001030397,"Family","AJ","WT",8,"8 Weeks"
"888",888,"Acholeplasmataceae","X8_AWM_8766_2",0,"Family","AJ","WT",8,"8 Weeks"
"889",889,"Acholeplasmataceae","X8_BKF_8726_1",0.001030397,"Family","B6","KO",8,"8 Weeks"
"890",890,"Acholeplasmataceae","X8_BKF_8726_2",0.000515198,"Family","B6","KO",8,"8 Weeks"
"891",891,"Acholeplasmataceae","X8_BKF_8926_1",0.000515198,"Family","B6","KO",8,"8 Weeks"
"892",892,"Acholeplasmataceae","X8_BKF_8926_2",0,"Family","B6","KO",8,"8 Weeks"
"893",893,"Acholeplasmataceae","X8_BKF_8927_1",0.000515198,"Family","B6","KO",8,"8 Weeks"
"894",894,"Acholeplasmataceae","X8_BKM_8719_1",0.001030397,"Family","B6","KO",8,"8 Weeks"
"895",895,"Acholeplasmataceae","X8_BKM_8719_2",0.004121587,"Family","B6","KO",8,"8 Weeks"
"896",896,"Acholeplasmataceae","X8_BKM_8859_1",0.001030397,"Family","B6","KO",8,"8 Weeks"
"897",897,"Acholeplasmataceae","X8_BKM_8859_2",0,"Family","B6","KO",8,"8 Weeks"
"898",898,"Acholeplasmataceae","X8_BKM_8860_1",0.000515198,"Family","B6","KO",8,"8 Weeks"
"899",899,"Acholeplasmataceae","X8_BKM_8860_2",0.001030397,"Family","B6","KO",8,"8 Weeks"
"900",900,"Acholeplasmataceae","X8_BWF_8754_1",0.004121587,"Family","B6","WT",8,"8 Weeks"
"901",901,"Acholeplasmataceae","X8_BWF_8754_2",0.019577537,"Family","B6","WT",8,"8 Weeks"
"902",902,"Acholeplasmataceae","X8_BWF_8755_1",0.002060793,"Family","B6","WT",8,"8 Weeks"
"903",903,"Acholeplasmataceae","X8_BWF_8852_1",0.001545595,"Family","B6","WT",8,"8 Weeks"
"904",904,"Acholeplasmataceae","X8_BWF_8852_2",0.000515198,"Family","B6","WT",8,"8 Weeks"
"905",905,"Acholeplasmataceae","X8_BWM_8745_1",0.007727975,"Family","B6","WT",8,"8 Weeks"
"906",906,"Acholeplasmataceae","X8_BWM_8745_2",0.013395157,"Family","B6","WT",8,"8 Weeks"
"907",907,"Acholeplasmataceae","X8_BWM_8747_1",0.001030397,"Family","B6","WT",8,"8 Weeks"
"908",908,"Acholeplasmataceae","X8_BWM_8747_2",0.001545595,"Family","B6","WT",8,"8 Weeks"
"909",909,"Acholeplasmataceae","X8_BWM_8847_1",0.000515198,"Family","B6","WT",8,"8 Weeks"
"910",910,"Acholeplasmataceae","X8_BWM_8847_2",0,"Family","B6","WT",8,"8 Weeks"
